Clase de aviso;Ubicac.técnica;Denominación;Equipo;Denominación;Creado el;Fecha ref.;Aviso;Orden;Autor del aviso;Descripción;Fecha de aviso;Status sistema;Fecha de cierre;Costo ML;Moneda
ZM;SS01-M1-NI1-AJC1-JTR1;SALA DE JARABE TERMINADO;1EJTR-T6713-01;TANQUE 13 DE JARABE TERMINADO (6713);31.08.2026;31.08.2026;11919814;9580874;12000PAE;MA I CAMBIO DE SELLO DE TQ13 JT;31.08.2026;MECE ORAS;31.08.2026;7.63;USD
ZM;SS01-M1-NI1-AJC1-JTR1;SALA DE JARABE TERMINADO;1EJTR-TRB-01;TRIBLENDER;31.08.2026;31.08.2026;11919869;9577439;76001959;SG| VALVULA DN100 NO SELLA TRIBLENDER;31.08.2026;MEAB;;0.76;USD
ZM;SS01-M1-NI1-AJC1-CIP1;CUARTO DE CIP;1ECIP-CIP3-01;SISTEMA CIP 3;30.08.2026;30.08.2026;11919590;9581735;12000PAE;SC ICAMBIO DE TERMOMETRO TECI 3013 CIP3;30.08.2026;METR ORAS;;6.15;USD
ZM;SS01-M1-NI1-AJC1-JTR1;SALA DE JARABE TERMINADO;1EJTR-T6705-01;TANQUE 5 DE JARABE TERMINADO (6705);30.08.2026;30.08.2026;11919531;9581734;12000PAE;MA I CAMBIO EMPAQUE VALVULA JS TQ5 JARTE;30.08.2026;METR ORAS;;29.95;USD
ZN;SS01-M1-NI1-AJC1-JSP1;SALA DE JARABE SIMPLE;1EJSP-TOE-01;TORRE DE ENFRIAMIENTO (JARABE SIMPLE);30.08.2026;31.08.2026;8000066687;9554510;76001946;SEG|CAMB DAÑO DE FLOTADOR TORRE ENFRIA;30.08.2026;MEAB;;3.50;USD
ZM;SS01-M1-NI1-AJC1-JTR1;SALA DE JARABE TERMINADO;1EJTR-T6709-01;TANQUE 9 DE JARABE TERMINADO (6709);28.08.2026;31.08.2026;11918923;9579892;76002032;SEG|DAÑO EN MOTOBOMBA DE JARTER TQ9;28.08.2026;MECE ORAS;31.08.2026;9.50;USD
ZM;SS01-M1-NI1-AJC1-JTR1;SALA DE JARABE TERMINADO;1EJTR-T6714-01;TANQUE 14 DE JARABE TERMINADO (6714);28.08.2026;28.08.2026;11918924;9579887;76002032;MA|FUGA SELLO MECANICO DAÑDO TANQUE 14;28.08.2026;MECE ORAS;28.08.2026;16.25;USD
ZN;SS01-M1-NI1-AJC1-JTR1;SALA DE JARABE TERMINADO;1EJTR-T6707-01;TANQUE 7 DE JARABE TERMINADO (6707);28.08.2026;28.08.2026;8000066663;9579884;76002264;MA | CAMBIAR ROSCA DE VALVULA TQ7 JT;28.08.2026;METR ORAS;;17.95;USD
ZN;SS01-M1-NI1-AJC1-JSP1;SALA DE JARABE SIMPLE;1ESIF-FI2-01;FILTRO 2 (JARABE SIMPLE);28.08.2026;28.08.2026;8000066675;9580093;12000PAE;MA | fuga en mangera neumatico F2;28.08.2026;MECE ORAS;28.08.2026;17.50;USD
ZM;SS01-M1-NI1-AJC1-JTR1;SALA DE JARABE TERMINADO;1EJTR-TEC-01;TECLE JTR PARA CARGA CONCENTRAD (DIABLO);27.08.2026;27.08.2026;11918812;9554510;76001959;SEG| RODOS DE YALE EN MALAS CONDICIONES;27.08.2026;MEAB;;5.69;USD
ZN;SS01-M1-NI1-AJC1-JSP1;SALA DE JARABE SIMPLE;1EJSP-SIF-01;SISTEMA DE FILTRACION;26.08.2026;28.08.2026;8000066639;9580083;76001946;MA|FUGA EN MANGUERA DE VALVULA VP411-02;26.08.2026;METR ORAS;;9.25;USD
ZM;SS01-M1-NI1-AJC1-CIP1;CUARTO DE CIP;1ECIP-CIP1-01;SISTEMA CIP 1;25.08.2026;25.08.2026;11917957;9517422;76002032;SEG||FUGA EN INTERCAMBIADOR POR PICADURA;25.08.2026;MEAB;;555.42;USD
ZM;SS01-M1-NI1-AJC1-JTR1;SALA DE JARABE TERMINADO;1EJTR-T6706-01;TANQUE 6 DE JARABE TERMINADO (6706);25.08.2026;25.08.2026;11917648;9578751;76002032;SEG|CAMBIO ROSCA DAÑADA TANQUE 6;25.08.2026;MECE ORAS;31.08.2026;202.00;USD
ZM;SS01-M1-NI1-AJC1-JSP1;SALA DE JARABE SIMPLE;1EJSP-SID-01;SISTEMA DE DILUCION;24.08.2026;24.08.2026;11917390;9579890;76001946;SEGl cambio empaque trampa condenso jars;24.08.2026;MECE ORAS;28.08.2026;95.00;USD
ZM;SS01-M1-NI1-AJC1-JSP1;SALA DE JARABE SIMPLE;1EJSP-SID-01;SISTEMA DE DILUCION;24.08.2026;24.08.2026;11917186;9579893;12000PAE;SEG I CAMBIO EMPAQUE VALVULA CHECK T150;24.08.2026;MECE ORAS;28.08.2026;95.00;USD
ZM;SS01-M1-NI1-AJC1-JSP1;SALA DE JARABE SIMPLE;1EJSP-SIF-01;SISTEMA DE FILTRACION;24.08.2026;24.08.2026;11917185;9577440;12000PAE;SC | CAMBIO MANOMETRO PRDP CT2 HOLD 1 JS;24.08.2026;METR ORAS;;98.28;USD
ZM;SS01-M1-NI1-AJC1-JTR1;SALA DE JARABE TERMINADO;1EJTR-T6708-01;TANQUE 8 DE JARABE TERMINADO (6708);24.08.2026;24.08.2026;11917327;9577439;76012405;MA|CAMBIO DE VISOR;24.08.2026;MECE ORAS;26.08.2026;1244.12;USD
ZI;SS01-M1-NI1-AJC1-JTR1;SALA DE JARABE TERMINADO;1EJTR-T6713-01;TANQUE 13 DE JARABE TERMINADO (6713);20.08.2026;20.08.2026;11915844;9555625;76012271;CI|CAMBIAR TUBERIA DE L 6 TQ 13;20.08.2026;METR ORAS;;740.00;USD
ZN;SS01-M1-NI1-AJC1-JTR1;SALA DE JARABE TERMINADO;1EJTR-T6711-01;TANQUE 11 DE JARABE TERMINADO (6711);18.08.2026;20.08.2026;8000066429;9555188;76001959;MA| FUGA EN SELLO MECANICO DE BOMBA;18.08.2026;MECE ORAS;20.08.2026;350.00;USD
ZM;SS01-M1-NI1-AJC1-JTR1;SALA DE JARABE TERMINADO;1EJTR-T6713-01;TANQUE 13 DE JARABE TERMINADO (6713);17.08.2026;18.08.2026;11914587;9553670;11136PAE;MA I CAMBIAR SELLO TQ13 JT;17.08.2026;MECE ORAS;18.08.2026;65.95;USD
ZN;SS01-M1-NI1-AJC1-JTR1;SALA DE JARABE TERMINADO;1EJTR-ESD-03;ESTACION DILUCION 3 (JARABE TERMINADO);16.08.2026;18.08.2026;8000066410;9553677;76001959;MA| FUGA DE AGUA MANGUERA EST 3;16.08.2026;MECE ORAS;18.08.2026;146.82;USD
ZM;SS01-M1-NI1-AJC1-CIP1;CUARTO DE CIP;1ECIP-SIT-01;SISTEMA DE TUBERIAS;14.08.2026;14.08.2026;11913825;9550939;76012271;MA| CAMBIAR TUBERIA DE CARBOM TIENE FUGA;14.08.2026;METR ORAS;;44.95;USD
ZM;SS01-M1-NI1-AJC1-JTR1;SALA DE JARABE TERMINADO;1EJTR-T6711-01;TANQUE 11 DE JARABE TERMINADO (6711);14.08.2026;18.08.2026;11913994;9550941;76012041;MA| | FUGA EN SELLO MECANICO DE BOMBA;14.08.2026;MECE ORAS;18.08.2026;0.66;USD
ZM;SS01-M1-NI1-AJC1-JTR1;SALA DE JARABE TERMINADO;1EJTR-SIV-01;SISTEMA DE VENTILACION, JARABE TERMINADO;13.08.2026;13.08.2026;11913666;9580077;76001959;SEG| SISTEMA VENTILACION JT Y JS NO FUNC;13.08.2026;MECE ORAS;28.08.2026;0.90;USD
ZM;SS01-M1-NI1-AJC1-JTR1;SALA DE JARABE TERMINADO;1EJTR-T6711-01;TANQUE 11 DE JARABE TERMINADO (6711);12.08.2026;12.08.2026;11912808;9517423;76002032;FUGA DE JARABE;12.08.2026;MECE PTBO;14.08.2026;1.90;USD
ZM;SS01-M1-NI1-AJC1-JTR1;SALA DE JARABE TERMINADO;1EJTR-T6712-01;TANQUE 12 DE JARABE TERMINADO (6712);10.08.2026;10.08.2026;11912342;9550942;76002032;MA|FUGA EN TUBERIA DE JARABE LINEA 6;10.08.2026;MECE ORAS;28.08.2026;0.80;USD
ZM;SS01-M1-NI1-AJC1-JSP1;SALA DE JARABE SIMPLE;1EJSP-TOE-01;TORRE DE ENFRIAMIENTO (JARABE SIMPLE);08.08.2026;08.08.2026;11911622;9547298;11136PAE;SEG|CONEXION DE LINEAS EN PULSADOR JSTOR;08.08.2026;MECE ORAS;13.08.2026;7.19;USD
ZM;SS01-M1-NI1-AJC1-JSP1;SALA DE JARABE SIMPLE;1ESIF-FI2-01;FILTRO 2 (JARABE SIMPLE);06.08.2026;08.08.2026;11910688;9546722;76001947;MA|FUGA EN SELLO MECANICO EN BOMBA 410;06.08.2026;MECE ORAS;08.08.2026;2.62;USD
ZM;SS01-M1-NI1-AJC1-JTR1;SALA DE JARABE TERMINADO;1EJTR-T6705-01;TANQUE 5 DE JARABE TERMINADO (6705);05.08.2026;08.08.2026;11910582;9546726;76002032;SEG|CAMBIAR ROSCA DE VALVULA DAÑADA TQ5;05.08.2026;MECE ORAS;08.08.2026;41.67;USD
ZM;SS01-M1-NI1-AJC1-JTR1;SALA DE JARABE TERMINADO;1EJTR-T6707-01;TANQUE 7 DE JARABE TERMINADO (6707);05.08.2026;05.08.2026;11910584;9547298;76002032;MA|FUGA EN TUBERIA YET TANQUE 7;05.08.2026;MECE PTBO;08.08.2026;6.82;USD
ZM;SS01-M1-NI1-AJC1-JSP1;SALA DE JARABE SIMPLE;1ESIF-FI1-01;FILTRO 1 (JARABE SIMPLE);06.08.2026;06.08.2026;11910586;9547298;76002049;MA|FUGA POR SELLO BOMBA RECIRCULACION;05.08.2026;MECE PTBO;08.08.2026;9.38;USD
ZA;SS01-M1-NI1-AJC1-JTR1;SALA DE JARABE TERMINADO;1EJTR-TQG-01;TANQUE PARA GOMA;01.08.2026;30.07.2026;11909080;9544524;76012041;MA|FUGA EN BOMBA LOBULAR;01.08.2026;MECE ORAS;04.08.2026;4.50;USD
ZM;SS01-M1-NI1-AJC1-JTR1;SALA DE JARABE TERMINADO;1EJTR-ESD-04;ESTACION DILUCION 4 (JARABE TERMINADO);01.08.2026;01.08.2026;11908949;9542939;11136PAE;SEG| CAMBIAR PERNOS DE TAPADERA BTQ4;01.08.2026;MECE ORAS;04.08.2026;364.85;USD
ZA;SS01-M1-NI1-AJC1-JTR1;SALA DE JARABE TERMINADO;1EJTR-TRB-01;TRIBLENDER;30.07.2026;30.07.2026;11908328;9542013;12000PAE;SEG|CAMBIO COUPLING BOMBA LOBULAR;30.07.2026;MECE ORAS;04.08.2026;364.85;USD
ZM;SS01-M1-NI1-AJC1-CIP1;CUARTO DE CIP;1ECIP-SIN-01;SISTEMA NEUMATICO;30.07.2026;30.07.2026;11908135;9540920;11136PAE;MAl habilitar dosificacion tq acido cip1;30.07.2026;MECE ORAS;10.08.2026;250.00;USD
ZI;SS01-M1-NI1-AJC1-CIP1;CUARTO DE CIP;1ECIP-CIP1-01;SISTEMA CIP 1;25.07.2026;25.07.2026;11906555;9537918;76001946;MAl CAMBIO DE SELLO EN BOMBA CIP1;25.07.2026;MECE ORAS;28.07.2026;1.80;USD
ZM;SS01-M1-NI1-AJC1-JTR1;SALA DE JARABE TERMINADO;1EJTR-T6716-01;TANQUE 16 DE JARABE TERMINADO (6716);25.07.2026;02.08.2026;11906486;9537915;76002032;SEG|SE NESECITA CAMBIAR ROSCA DN65 TQ16;24.07.2026;MECE ORAS;08.08.2026;0.75;USD
ZM;SS01-M1-NI1-AJC1-JSP1;SALA DE JARABE SIMPLE;1EJSP-SID-01;SISTEMA DE DILUCION;23.07.2026;23.07.2026;11906021;9537916;12000PAE;SEG|REPARACION TORNILLO SIN FIN JS;23.07.2026;MECE ORAS;31.08.2026;0.35;USD
ZM;SS01-M1-NI1-AJC1-JTR1;SALA DE JARABE TERMINADO;1EJTR-T6707-01;TANQUE 7 DE JARABE TERMINADO (6707);23.07.2026;08.08.2026;11905683;9537917;76001959;MA| FUGA JARABE EN RACOR DE JET DEL TQ7;23.07.2026;MECE ORAS;13.08.2026;2.62;USD
ZM;SS01-M1-NI1-AJC1-JTR1;SALA DE JARABE TERMINADO;1EJTR-ESD-04;ESTACION DILUCION 4 (JARABE TERMINADO);21.07.2026;21.07.2026;11905145;9537919;76001959;VISAGRA DE PUERTA SUELTA EN ESTACION D4;21.07.2026;MECE ORAS;31.08.2026;136.28;USD
ZN;SS01-M1-NI1-AJC1-JTR1;SALA DE JARABE TERMINADO;1EJTR-ESD-01;ESTACION DILUCION 1 (JARABE TERMINADO);21.07.2026;27.07.2026;8000065991;9540208;76001959;MA| REVISAR MANGUERA SUBCCION EST 1 ROTA;21.07.2026;MECE ORAS;04.08.2026;11.05;USD
ZM;SS01-M1-NI1-AJC1-CIP1;CUARTO DE CIP;1ECIP-EQC-01;EQUIPOS DE MEDICIÓN CIP;20.07.2026;20.07.2026;11904867;9542939;76001947;DECALIBRADO;20.07.2026;MECE;23.07.2026;0.35;USD
ZM;SS01-M1-NI1-AJC1-JSP1;SALA DE JARABE SIMPLE;1EJSP-SIF-01;SISTEMA DE FILTRACION;19.07.2026;20.07.2026;11904538;9517790;12000PAE;MA | CAMBIO SELLO BOMBA RECIRC F1 JS;19.07.2026;MECE ORAS;20.07.2026;2.25;USD
ZM;SS01-M1-NI1-AJC1-JTR1;SALA DE JARABE TERMINADO;1EJTR-T6713-01;TANQUE 13 DE JARABE TERMINADO (6713);19.07.2026;23.07.2026;11904470;9520804;76012411;MA| Fuga en sello mecanico tq 13 jarter;19.07.2026;MECE ORAS;23.07.2026;0.75;USD
ZI;SS01-M1-NI1-AJC1-JTR1;SALA DE JARABE TERMINADO;1EJTR-T6707-01;TANQUE 7 DE JARABE TERMINADO (6707);18.07.2026;18.07.2026;11904279;9517423;76012271;CI|CAMBIO DE VALVULA RACOR TQ 7;18.07.2026;MECE ORAS;13.08.2026;0.45;USD
ZM;SS01-M1-NI1-AJC1-JSP1;SALA DE JARABE SIMPLE;1EJSP-STC-01;SISTEMA TRATAMIENTO DE CARBON;17.07.2026;22.07.2026;11903797;9516197;12000PAE;RAPARAR MANGERA CORTADA SUCCION CARBON;17.07.2026;MECE ORAS;22.07.2026;370.00;USD
ZM;SS01-M1-NI1-AJC1-JTR1;SALA DE JARABE TERMINADO;1EJTR-ESD-01;ESTACION DILUCION 1 (JARABE TERMINADO);17.07.2026;17.08.2026;11903896;9544505;11136PAE;HER| Solicitud de lampara recargable;17.07.2026;MECE ORAS;17.08.2026;1.40;USD
ZM;SS01-M1-NI1-AJC1-JTR1;SALA DE JARABE TERMINADO;1EJTR-ESD-04;ESTACION DILUCION 4 (JARABE TERMINADO);16.07.2026;17.07.2026;11903681;9540210;76002032;MANGUERA DANADA;16.07.2026;MECE ORAS;31.07.2026;2.40;USD
ZM;SS01-M1-NI1-PMX1;AREA DE LLENADO DE CILINDROS POST MIX;1EPMX-LLB-01;LLENADORA BAG IN BOX;15.07.2026;23.07.2026;11903227;9555168;11136PAE;MA|Inspeccion Valvula de llenado L6 JT;15.07.2026;MECE ORAS;19.08.2026;9.93;USD
ZM;SS01-M1-NI1-PMX1;AREA DE LLENADO DE CILINDROS POST MIX;1EPMX-TSC-01;TRANSPORTE SALIDA BAG IN BOX;15.07.2026;15.07.2026;11903240;9516197;11136PAE;SEG|Pinon y cadena plastiTrasporte L6 JT;15.07.2026;MECE PTBO;31.08.2026;6.50;USD
ZM;SS01-M1-NI1-AJC1-JSP1;SALA DE JARABE SIMPLE;1EJSP-SID-01;SISTEMA DE DILUCION;14.07.2026;16.07.2026;11902746;9513228;11136PAE;MAIcambio de bomba y adapte JS carbon;14.07.2026;MECE ORAS;16.07.2026;28.14;USD
ZM;SS01-M1-NI1-AJC1-JSP1;SALA DE JARABE SIMPLE;1ESIF-FI2-01;FILTRO 2 (JARABE SIMPLE);14.07.2026;30.07.2026;11902922;9517421;76012411;MA| FUGA SISTEMA DOFICICADOR CARBON F2;14.07.2026;MECE ORAS;06.08.2026;4.50;USD
ZA;SS01-M1-NI1-AJC1-CIP1;CUARTO DE CIP;1ECIP-CIP2-01;SISTEMA CIP 2;09.07.2026;09.07.2026;11900826;9509962;12000PAE;REPARACION SISTEMA CIP;12.07.2026;MECE ORAS;18.07.2026;190.00;USD
ZN;SS01-M1-NI1-AJC1-JTR1;SALA DE JARABE TERMINADO;1EJTR-T6715-01;TANQUE 15 DE JARABE TERMINADO (6715);12.07.2026;23.07.2026;8000065786;9517421;76001959;MA| FUGA JARABE EN TUBERIA ENTRADA;12.07.2026;MECE PTBO;23.07.2026;2.18;USD
ZM;SS01-M1-NI1-AJC1-JSP1;SALA DE JARABE SIMPLE;1EJSP-STC-01;SISTEMA TRATAMIENTO DE CARBON;11.07.2026;14.07.2026;11901489;9513190;76001947;ZM I FUGA POR LA PARTE DEL SELLO;11.07.2026;MECE ORAS;23.07.2026;6.50;USD
ZM;SS01-M1-NI1-AJC1-JTR1;SALA DE JARABE TERMINADO;1EJTR-ESD-04;ESTACION DILUCION 4 (JARABE TERMINADO);11.07.2026;25.08.2026;11901743;9554510;12000PAE;HER | REQUERIMIENTO DE HERRAMIENTAS JT;11.07.2026;MECE ORAS;25.08.2026;6.00;USD
ZM;SS01-M1-NI1-AJC1-JTR1;SALA DE JARABE TERMINADO;1EJTR-T6704-01;TANQUE 4 DE JARABE TERMINADO (6704);10.07.2026;10.07.2026;11901159;9510533;12000PAE;RQ|REPARACION EJES DE MOTOBOMBAS JARTER;10.07.2026;MECE ORAS;19.08.2026;5.95;USD
ZM;SS01-M1-NI1-AJC1-CIP1;CUARTO DE CIP;1ECIP-CIP1-01;SISTEMA CIP 1;07.07.2026;10.07.2026;11900092;9509358;76001947;SEGl CAMBIO DE TUBERIA DE CONDENSO;07.07.2026;MECE ORAS;10.07.2026;0.90;USD
ZM;SS01-M1-NI1-AJC1-JTR1;SALA DE JARABE TERMINADO;1EJTR-TRB-01;TRIBLENDER;07.07.2026;07.07.2026;11900066;9516197;76012411;MA| Fuga en balero de triblender jarter;07.07.2026;MECE PTBO;18.07.2026;0.71;USD
ZI;SS01-M1-NI1-AJC1-JTR1;SALA DE JARABE TERMINADO;1EJTR-TRB-01;TRIBLENDER;06.07.2026;10.07.2026;11899822;9554060;76012271;SEG|COLOCAR VISAGRA TAPA DE TRIBLENDER;06.07.2026;MECE ORAS;19.08.2026;3.00;USD
ZM;SS01-M1-NI1-AJC1-JSP1;SALA DE JARABE SIMPLE;1EJSP-SIF-01;SISTEMA DE FILTRACION;05.07.2026;09.07.2026;11899540;9507910;11136PAE;MA I CAMBIO EMPAQUE VALVULAS DE ENVIO F2;05.07.2026;MECE ORAS;09.07.2026;0.80;USD
ZM;SS01-M1-NI1-AJC1-JTR1;SALA DE JARABE TERMINADO;1EJTR-ESD-04;ESTACION DILUCION 4 (JARABE TERMINADO);05.07.2026;09.07.2026;11899323;9507824;11136PAE;SEGlHacer regia por seguridad en ED4 JT;05.07.2026;MECE ORAS;09.07.2026;6.90;USD
ZM;SS01-M1-NI1-AJC1-JTR1;SALA DE JARABE TERMINADO;1EJTR-T6702-01;TANQUE 2 DE JARABE TERMINADO (6702);05.07.2026;09.07.2026;11899325;9507843;11136PAE;MAI Cambiar sello en tq2 JT;05.07.2026;MECE ORAS;09.07.2026;57.50;USD
ZA;SS01-M1-NI1-AJC1-JSP1;SALA DE JARABE SIMPLE;1EJSP-SID-01;SISTEMA DE DILUCION;05.07.2026;08.07.2026;11899272;9507823;11136PAE;SEG| Cambio de sensor TQ300 JS;04.07.2026;MECE ORAS;08.07.2026;169.40;USD
ZM;SS01-M1-NI1-AJC1-JTR1;SALA DE JARABE TERMINADO;1EJTR-T6709-01;TANQUE 9 DE JARABE TERMINADO (6709);04.07.2026;04.07.2026;11899126;9506403;12000PAE;MA I CAMBIO DE SELLO BOMBA TQ 9 JT;04.07.2026;MECE ORAS;04.07.2026;0.90;USD
ZN;SS01-M1-NI1-AJC1-JTR1;SALA DE JARABE TERMINADO;1EJTR-T6709-01;TANQUE 9 DE JARABE TERMINADO (6709);04.07.2026;18.07.2026;8000065644;9513228;76012411;MA| Fuga en bomba de tanque 9;04.07.2026;MECE PTBO;18.07.2026;8.14;USD
ZM;SS01-M1-NI1-AJC1-JSP1;SALA DE JARABE SIMPLE;1EJSP-SIF-01;SISTEMA DE FILTRACION;03.07.2026;03.07.2026;11898763;9517422;76001947;ZM I DESGATE EN LA ROSCA;03.07.2026;MECE ORAS;13.08.2026;97.87;USD
ZM;SS01-M1-NI1-AJC1-CIP1;CUARTO DE CIP;1ECIP-CIP3-01;SISTEMA CIP 3;01.07.2026;02.07.2026;11897895;9561055;12000PAE;SC I CAMBIO TERMOMETRO TECI 3012 CIP 3;01.07.2026;MECE ORAS;31.08.2026;3.95;USD
ZM;SS01-M1-NI1-AJC1-JSP1;SALA DE JARABE SIMPLE;1EJSP-SID-01;SISTEMA DE DILUCION;30.06.2026;02.07.2026;11897603;9503800;76001947;MAl Cambio de empaque de intercambiador;30.06.2026;MECE ORAS;02.07.2026;2.75;USD
ZM;SS01-M1-NI1-AJC1-JTR1;SALA DE JARABE TERMINADO;1EJTR-SIT-01;SISTEMA DE TUBERIAS (JARABE TERMINADO);30.06.2026;13.07.2026;11897563;9503211;12000PAE;RQ|REPARACION TUBERIAS JARTER;30.06.2026;MECE ORAS;13.07.2026;19.50;USD
ZM;SS01-M1-NI1-AJC1-JSP1;SALA DE JARABE SIMPLE;1EJSP-SIF-01;SISTEMA DE FILTRACION;29.06.2026;29.06.2026;11897420;9513228;76001947;ZM I DESGASTE EN ROSCA DE RACORD;29.06.2026;MECE PTBO;18.07.2026;-19.50;USD
ZM;SS01-M1-NI1-AJC1-JSP1;SALA DE JARABE SIMPLE;1EJSP-SRA-01;SISTEMA DE RECUPERACIÓN DE AGUAS DULCES;29.06.2026;29.06.2026;11897239;9513228;12000PAE;CAMBIO ROSCAS PANEL TQ 300 Y TQ181;29.06.2026;MECE PTBO;18.07.2026;20.80;USD
ZM;SS01-M1-NI1-AJC1-CIP1;CUARTO DE CIP;1ECIP-CIP1-01;SISTEMA CIP 1;27.06.2026;13.07.2026;11896730;9502067;12000;MA| CAMBIO DE ASIENTO DE VALVULA CIP1;27.06.2026;MECE ORAS;13.07.2026;5.81;USD
ZM;SS01-M1-NI1-AJC1-JSP1;SALA DE JARABE SIMPLE;1EJSP-SID-01;SISTEMA DE DILUCION;22.06.2026;22.06.2026;11894906;9484049;12000PAE;SEG I CAMBIO SENSOR TEMP INTERCAM JS;22.06.2026;MECE ORAS;30.06.2026;63.00;USD
ZM;SS01-M1-NI1-AJC1-JSP1;SALA DE JARABE SIMPLE;1EJSP-SID-01;SISTEMA DE DILUCION;20.06.2026;20.06.2026;11894464;9478887;11136PAE;SEGI cambio de sensor holding 1 JSse;20.06.2026;MECE ORAS;22.06.2026;1.70;USD
ZI;SS01-M1-NI1-AJC1-CIP1;CUARTO DE CIP;1ECIP-CIP2-01;SISTEMA CIP 2;19.06.2026;25.07.2026;11894089;9510854;76012271;MA|CAMBIO DE SELLO MECANICO BOMBA  CIP 2;19.06.2026;MECE ORAS;25.07.2026;2.49;USD
ZM;SS01-M1-NI1-AJC1-JTR1;SALA DE JARABE TERMINADO;1EJTR-T6710-01;TANQUE 10 DE JARABE TERMINADO (6710);17.06.2026;17.06.2026;11893178;9474037;12000PAE;SEG I CAMBIO ROSCA ENTRADA TANQUE 10 JT;17.06.2026;MECE ORAS;22.06.2026;3.20;USD
ZI;SS01-M1-NI1-AJC1-JTR1;SALA DE JARABE TERMINADO;1EJTR-T6709-01;TANQUE 9 DE JARABE TERMINADO (6709);16.06.2026;22.07.2026;11892918;9520085;76012271;SEG|CALIBRAR SOPORE DE TANQUE 9;16.06.2026;MECE ORAS;22.07.2026;0.75;USD
ZI;SS01-M1-NI1-AJC1-JTR1;SALA DE JARABE TERMINADO;1EJTR-T6712-01;TANQUE 12 DE JARABE TERMINADO (6712);16.06.2026;19.06.2026;11892967;9550538;76012271;MA|COORDINAR CAMBIO DE VISOR TQ 12;16.06.2026;MECE ORAS;13.08.2026;0.35;USD
ZM;SS01-M1-NI1-AJC1-JTR1;SALA DE JARABE TERMINADO;1EJTR-SIT-01;SISTEMA DE TUBERIAS (JARABE TERMINADO);16.06.2026;16.06.2026;11892911;9503211;76001959;MA| Fuga de Jarabe en tuberia de L4, TQ4;16.06.2026;MECE PTBO;25.06.2026;928.00;USD
ZM;SS01-M1-NI1-AJC1-JTR1;SALA DE JARABE TERMINADO;1EJTR-T6709-01;TANQUE 9 DE JARABE TERMINADO (6709);16.06.2026;16.06.2026;11892912;9503211;76001959;SG| VIBRACION EXCESIVA DE TANQUE 9;16.06.2026;MECE PTBO;27.06.2026;1342.00;USD
ZN;SS01-M1-NI1-AJC1-JTR1;SALA DE JARABE TERMINADO;1EJTR-T6704-01;TANQUE 4 DE JARABE TERMINADO (6704);16.06.2026;18.07.2026;8000065283;9509962;76012411;MA| Fuga tuberia en panel de tanque 4 jt;16.06.2026;MECE PTBO;18.07.2026;404.89;USD
ZM;SS01-M1-NI1-AJC1-JTR1;SALA DE JARABE TERMINADO;1EJTR-T6711-01;TANQUE 11 DE JARABE TERMINADO (6711);15.06.2026;23.06.2026;11892537;9520802;76001959;MA| FUGA EN SELLO MECANICO DE BOMBA TQ11;15.06.2026;MECE ORAS;23.07.2026;1.70;USD
ZM;SS01-M1-NI1-AJC1-JSP1;SALA DE JARABE SIMPLE;1ESIF-FI2-01;FILTRO 2 (JARABE SIMPLE);15.06.2026;27.06.2026;11892466;9473375;12000PAE;MA|INSTALACION MANOMETRO FILTRO 2 JARSIM;15.06.2026;MECE ORAS;27.06.2026;2.49;USD
ZM;SS01-M1-NI1-AJC1-JTR1;SALA DE JARABE TERMINADO;1EJTR-T6711-01;TANQUE 11 DE JARABE TERMINADO (6711);14.06.2026;22.06.2026;11892253;9473154;76002032;RQ|DIELECTRICO PARA MOTORES JARSIM;14.06.2026;MECE ORAS;22.06.2026;1.60;USD
ZM;SS01-M1-NI1-AJC1-JTR1;SALA DE JARABE TERMINADO;1EJTR-T6713-01;TANQUE 13 DE JARABE TERMINADO (6713);11.06.2026;11.06.2026;11890816;9470481;11136PAE;SEG| cambiar sello tq13;11.06.2026;MECE ORAS;15.06.2026;1.50;USD
ZM;SS01-M1-NI1-AJC1-JTR1;SALA DE JARABE TERMINADO;1EJTR-T6714-01;TANQUE 14 DE JARABE TERMINADO (6714);11.06.2026;11.06.2026;11890862;9509358;76002032;Fuga de Jarabe;11.06.2026;MECE PTBO;15.06.2026;2.80;USD
ZM;SS01-M1-NI1-AJC1-JTR1;SALA DE JARABE TERMINADO;1EJTR-T6714-01;TANQUE 14 DE JARABE TERMINADO (6714);11.06.2026;11.06.2026;11890815;9470438;11136PAE;SEG| cambiar sello tq14 JT;11.06.2026;MECE ORAS;15.06.2026;3.50;USD
ZM;SS01-M1-NI1-AJC1-JSP1;SALA DE JARABE SIMPLE;1EJSP-SIF-01;SISTEMA DE FILTRACION;11.06.2026;12.06.2026;11890814;9470437;11136PAE;MAICambio Val de bola 1/2 JS AGUACRUDA;10.06.2026;MECE ORAS;12.06.2026;26.00;USD
ZM;SS01-M1-NI1-AJC1-JTR1;SALA DE JARABE TERMINADO;1EJTR-T6713-01;TANQUE 13 DE JARABE TERMINADO (6713);10.06.2026;08.08.2026;11890411;9547251;76012271;SEG|CAMBIO DE RACOR CUERNO L 6;10.06.2026;MECE ORAS;08.08.2026;9.38;USD
ZM;SS01-M1-NI1-AJC1-JTR1;SALA DE JARABE TERMINADO;1EJTR-T6713-01;TANQUE 13 DE JARABE TERMINADO (6713);10.06.2026;10.06.2026;11890609;9484053;12000PAE;MA | REPARACION TUBERIA DE ENVIO L6 JT;10.06.2026;MECE ORAS;27.06.2026;7.75;USD
ZM;SS01-M1-NI1-AJC1-JSP1;SALA DE JARABE SIMPLE;1EJSP-SIF-01;SISTEMA DE FILTRACION;09.06.2026;23.06.2026;11890147;9520795;76001947;ZM I CAMBIO DE VALVULA DE SEGURIDAD;09.06.2026;MECE ORAS;23.07.2026;95.00;USD
ZM;SS01-M1-NI1-AJC1-JTR1;SALA DE JARABE TERMINADO;1EJTR-ESD-01;ESTACION DILUCION 1 (JARABE TERMINADO);09.06.2026;15.06.2026;11890281;9469759;11136PAE;SEG| cambiar sello tq1;09.06.2026;MECE ORAS;15.06.2026;450.00;USD
ZM;SS01-M1-NI1-AJC1-JTR1;SALA DE JARABE TERMINADO;1EJTR-T6713-01;TANQUE 13 DE JARABE TERMINADO (6713);09.06.2026;15.06.2026;11890112;9473160;76001959;MA| FUGA EN SELLO MECANICO DE BOMBA TQ13;09.06.2026;MECE ORAS;15.06.2026;250.00;USD
ZM;SS01-M1-NI1-AJC1-JTR1;SALA DE JARABE TERMINADO;1EJTR-T6713-01;TANQUE 13 DE JARABE TERMINADO (6713);09.06.2026;09.06.2026;11890145;9469681;76002032;RQ|REPARAION DE CAJAREDUCTORA JARTER;09.06.2026;MECE ORAS;27.06.2026;425.00;USD
ZM;SS01-M1-NI1-AJC1-CIP1;CUARTO DE CIP;1ECIP-CIP1-01;SISTEMA CIP 1;08.06.2026;10.06.2026;11889964;9470235;76002049;MAl CAMBIO DE EMPAQUE;08.06.2026;MECE ORAS;10.06.2026;450.00;USD
ZM;SS01-M1-NI1-AJC1-CIP1;CUARTO DE CIP;1ECIP-SIT-01;SISTEMA DE TUBERIAS;08.06.2026;10.06.2026;11889960;9470236;76002049;MAl FUGA POR EMPAQUE DANADO;08.06.2026;MECE ORAS;10.06.2026;75.00;USD
ZM;SS01-M1-NI1-AJC1-JTR1;SALA DE JARABE TERMINADO;1EJTR-T6712-01;TANQUE 12 DE JARABE TERMINADO (6712);08.06.2026;10.06.2026;11889726;9468561;11136PAE;SEG|Cambio de visor tq12 JT;08.06.2026;MECE ORAS;10.06.2026;1100.00;USD
ZM;SS01-M1-NI1-AJC1-JTR1;SALA DE JARABE TERMINADO;1EJTR-T6714-01;TANQUE 14 DE JARABE TERMINADO (6714);08.06.2026;10.06.2026;11889809;9470097;76001959;MA| FUGA EN SELLO MECANICO DE BOMBA TQ14;08.06.2026;MECE ORAS;10.06.2026;490.00;USD
ZM;SS01-M1-NI1-AJC1-JTR1;SALA DE JARABE TERMINADO;1EJTR-T6714-01;TANQUE 14 DE JARABE TERMINADO (6714);07.06.2026;10.06.2026;11889473;9470099;76001947;MA| Fuga en sello de bomba del tanque 14;07.06.2026;MECE ORAS;10.06.2026;7.13;USD
ZI;SS01-M1-NI1-AJC1-CIP1;CUARTO DE CIP;1ECIP-CIP1-01;SISTEMA CIP 1;06.06.2026;10.06.2026;11889156;9470246;76001947;MAl FUGA POR EMPAQUE DANADO;06.06.2026;MECE ORAS;10.06.2026;0.69;USD
ZM;SS01-M1-NI1-AJC1-CIP1;CUARTO DE CIP;1ECIP-CIP1-01;SISTEMA CIP 1;05.06.2026;05.06.2026;11889018;9467627;11136PAE;MAlcolocar niples, valvula cip 1 tqagua;05.06.2026;MECE ORAS;13.08.2026;1.55;USD
ZM;SS01-M1-NI1-AJC1-CIP1;CUARTO DE CIP;1ECIP-CIP1-01;SISTEMA CIP 1;04.06.2026;10.06.2026;11888210;9470101;76012271;SEG|FUGA DE VAPOR  EN VALVU CIP 1;04.06.2026;MECE ORAS;10.06.2026;5.95;USD
ZM;SS01-M1-NI1-AJC1-JSP1;SALA DE JARABE SIMPLE;1EJSP-SIF-01;SISTEMA DE FILTRACION;04.06.2026;16.06.2026;11888461;9466925;11136PAE;SEG I CAMBIO DE BOMBA RECIRC HOLD 1 JS;04.06.2026;MECE ORAS;16.06.2026;95.00;USD
ZM;SS01-M1-NI1-AJC1-JSP1;SALA DE JARABE SIMPLE;1EJSP-SIF-01;SISTEMA DE FILTRACION;04.06.2026;20.07.2026;11888179;9470104;76002264;MA | Cambiar valvula de manguera agua JS;04.06.2026;MECE ORAS;20.07.2026;5.95;USD
ZM;SS01-M1-NI1-AJC1-CIP1;CUARTO DE CIP;1ECIP-CIP3-01;SISTEMA CIP 3;31.05.2026;15.06.2026;11886749;9473165;11136PAE;SEG|En union tuberia v9110 cip 3;31.05.2026;MECE ORAS;15.06.2026;11.58;USD
ZM;SS01-M1-NI1-AJC1-JTR1;SALA DE JARABE TERMINADO;1EJTR-T6712-01;TANQUE 12 DE JARABE TERMINADO (6712);31.05.2026;04.06.2026;11886964;9464270;12000PAE;MA I CAMBIO DE SELLO BOMBA TQ 12 JS;31.05.2026;MECE ORAS;04.06.2026;42.92;USD
ZM;SS01-M1-NI1-AJC1-CIP1;CUARTO DE CIP;1ECIP-CIP1-01;SISTEMA CIP 1;31.05.2026;15.06.2026;11886747;9473164;11136PAE;SEG|soldar union flange cip 1;30.05.2026;MECE ORAS;15.06.2026;95.00;USD
ZM;SS01-M1-NI1-AJC1-CIP1;CUARTO DE CIP;1ECIP-CIP1-01;SISTEMA CIP 1;31.05.2026;15.06.2026;11886748;9473161;11136PAE;SEG|soldar union de tuberia cip 1 tqsoda;30.05.2026;MECE ORAS;15.06.2026;25.77;USD
ZM;SS01-M1-NI1-AJC1-JSP1;SALA DE JARABE SIMPLE;1EJSP-SIF-01;SISTEMA DE FILTRACION;30.05.2026;10.06.2026;11886502;9470251;76001947;ZM I FUGA EN BOMBA 8101;30.05.2026;MECE ORAS;10.06.2026;168.60;USD
ZM;SS01-M1-NI1-AJC1-JSP1;SALA DE JARABE SIMPLE;1EJSP-SIF-01;SISTEMA DE FILTRACION;30.05.2026;16.06.2026;11886501;9465561;76001947;RQ|REPARCION MOTOBOMBA HOLDING;30.05.2026;MECE ORAS;16.06.2026;3.25;USD
ZM;SS01-M1-NI1-AJC1-CIP1;CUARTO DE CIP;1ECIP-CIP1-01;SISTEMA CIP 1;29.05.2026;05.06.2026;11886182;9462944;12000PAE;MA I CAMBIO EMPAQUE TUBERIA RECIR CIP 1;29.05.2026;MECE ORAS;16.06.2026;3.00;USD
ZM;SS01-M1-NI1-AJC1-CIP1;CUARTO DE CIP;1ECIP-CIP3-01;SISTEMA CIP 3;29.05.2026;29.05.2026;11886458;9463599;11136PAE;SEG|cambio de asiento DN25 en Cip3 v9110;29.05.2026;MECE ORAS;16.06.2026;1185.00;USD
ZM;SS01-M1-NI1-AJC1-JSP1;SALA DE JARABE SIMPLE;1EJSP-SIF-01;SISTEMA DE FILTRACION;29.05.2026;04.06.2026;11886228;9463172;76002049;FUGA POR SELLO;29.05.2026;MECE ORAS;04.06.2026;922.61;USD
ZM;SS01-M1-NI1-AJC1-JTR1;SALA DE JARABE TERMINADO;1EJTR-T6708-01;TANQUE 8 DE JARABE TERMINADO (6708);29.05.2026;04.06.2026;11886183;9462992;12000PAE;MA I CAMBIO DE MANHOULD DE TANQUE 8 JT;29.05.2026;MECE ORAS;04.06.2026;1020.90;USD
ZM;SS01-M1-NI1-AJC1-JTR1;SALA DE JARABE TERMINADO;1EJTR-T6705-01;TANQUE 5 DE JARABE TERMINADO (6705);25.05.2026;29.05.2026;11884733;9459694;12000PAE;SOLDAR LLAVE RACORD JARABE TERMINADO;25.05.2026;MECE ORAS;29.06.2026;18.08;USD
ZM;SS01-M1-NI1-PMX1;AREA DE LLENADO DE CILINDROS POST MIX;1EPMX-LLB-01;LLENADORA BAG IN BOX;25.05.2026;25.05.2026;11884612;9459621;12000PAE;RQ|VALVULA DE LLENADO DAÑADA L6;25.05.2026;MECE ORAS;22.08.2026;95.00;USD
ZM;SS01-M1-NI1-AJC1-CIP1;CUARTO DE CIP;1ECIP-CIP3-01;SISTEMA CIP 3;21.05.2026;23.05.2026;11883136;9554061;11136PAE;SEG| Colocar sensor en v1113 Cip 3;21.05.2026;MECE ORAS;21.08.2026;490.00;USD
ZM;SS01-M1-NI1-AJC1-CIP1;CUARTO DE CIP;1ECIP-CIP1-01;SISTEMA CIP 1;20.05.2026;20.05.2026;11882523;9439170;12000PAE;ZM|CAMBIO DE SENSOR INDUCTIVO EN CIP 1;20.05.2026;MECE ORAS;27.05.2026;-490.00;USD
ZM;SS01-M1-NI1-AJC1-CIP1;CUARTO DE CIP;1ECIP-CIP1-01;SISTEMA CIP 1;18.05.2026;18.05.2026;11881719;9435643;12000PAE;CAMBIO VALVULA MANUAL MANGERA AGUA CIP 1;18.05.2026;MECE ORAS;18.05.2026;125.09;USD
ZM;SS01-M1-NI1-AJC1-JSP1;SALA DE JARABE SIMPLE;1EJSP-TAE-01;TABLERO ELECTRICO JARABE SIMPLE;18.05.2026;18.05.2026;11881604;9435723;12000PAE;SEG I CAMBIO SUPERFI PLACA TOMA 110V JS;18.05.2026;MECE ORAS;18.05.2026;12.00;USD
ZM;SS01-M1-NI1-AJC1-JTR1;SALA DE JARABE TERMINADO;1EJTR-T6709-01;TANQUE 9 DE JARABE TERMINADO (6709);18.05.2026;18.05.2026;11881600;9435726;12000PAE;SEG I CAMBIO ROSCA ENTRADA TANQUE 9 JT;18.05.2026;MECE ORAS;18.05.2026;364.85;USD
ZM;SS01-M1-NI1-AJC1-JSP1;SALA DE JARABE SIMPLE;1EJSP-SIF-01;SISTEMA DE FILTRACION;17.05.2026;18.05.2026;11881420;9435208;11136PAE;MA| CAMBIO DE UNION 6 JS 110-80;17.05.2026;MECE ORAS;18.05.2026;87.75;USD
ZM;SS01-M1-NI1-AJC1-JTR1;SALA DE JARABE TERMINADO;1EJTR-T6707-01;TANQUE 7 DE JARABE TERMINADO (6707);18.05.2026;19.05.2026;11881487;9550537;12000PAE;SEG I CAMBIO ROSCA MODIFICADA CIP A TQ7;17.05.2026;MECE ORAS;13.08.2026;1.15;USD
ZM;SS01-M1-NI1-AJC1-JSP1;SALA DE JARABE SIMPLE;1EJSP-STC-01;SISTEMA TRATAMIENTO DE CARBON;16.05.2026;01.06.2026;11881177;9436293;76001947;RQ|REPARACION TUB JARTER EXT;16.05.2026;MECE ORAS;09.06.2026;48.93;USD
ZA;SS01-M1-NI1-AJC1-JTR1;SALA DE JARABE TERMINADO;1EJTR-T6714-01;TANQUE 14 DE JARABE TERMINADO (6714);15.05.2026;20.05.2026;11880792;9434463;11136PAE;RQ|REPARACION CORONA MOTOAGITADOR TQ14;15.05.2026;MECE ORAS;22.06.2026;17.07;USD
ZI;SS01-M1-NI1-AJC1-JTR1;SALA DE JARABE TERMINADO;1EJTR-T6713-01;TANQUE 13 DE JARABE TERMINADO (6713);16.05.2026;01.06.2026;11880909;9466484;76012271;MA|REFORZAR SOLDA T.B DE J.S PANEL TQ 13;15.05.2026;MECE ORAS;04.06.2026;95.00;USD
ZM;SS01-M1-NI1-AJC1-JSP1;SALA DE JARABE SIMPLE;1EJSP-SID-01;SISTEMA DE DILUCION;11.05.2026;11.05.2026;11878808;9430760;12000PAE;LIMPIEZA LUBRICACION CADENA TOLVA AZUCAR;11.05.2026;MECE ORAS;11.05.2026;5.69;USD
ZM;SS01-M1-NI1-AJC1-JTR1;SALA DE JARABE TERMINADO;1EJTR-T6715-01;TANQUE 15 DE JARABE TERMINADO (6715);11.05.2026;18.05.2026;11878899;9431067;12000PAE;SEG I CAMBIO ROSCA ENTRADA TANQUE 15 JT;11.05.2026;MECE ORAS;18.05.2026;-5.69;USD
ZM;SS01-M1-NI1-AJC1-CIP1;CUARTO DE CIP;1ECIP-CIP2-01;SISTEMA CIP 2;10.05.2026;10.05.2026;11878495;9466487;76012271;SEG|COORDINAR REPACION D CABLE DE FLUJOM;10.05.2026;MECE ORAS;19.06.2026;-17.07;USD
ZM;SS01-M1-NI1-AJC1-JSP1;SALA DE JARABE SIMPLE;1EJSP-SIF-01;SISTEMA DE FILTRACION;10.05.2026;10.05.2026;11878607;9462360;76002264;MA | Cambiar asiento valvula A/cruda JS;10.05.2026;MECE ORAS;10.06.2026;5.69;USD
ZI;SS01-M1-NI1-AJC1-JTR1;SALA DE JARABE TERMINADO;1EJTR-T6712-01;TANQUE 12 DE JARABE TERMINADO (6712);08.05.2026;09.05.2026;11877998;9435390;76012041;MA|| FUGA EN SELLO MEC BOMBA TQ12;08.05.2026;MECE ORAS;18.05.2026;95.00;USD
ZM;SS01-M1-NI1-AJC1-JTR1;SALA DE JARABE TERMINADO;1EJTR-T6712-01;TANQUE 12 DE JARABE TERMINADO (6712);08.05.2026;08.05.2026;11877937;9435401;76012411;MA| Fuga en sello mecanico;08.05.2026;MECE ORAS;18.05.2026;225.00;USD
ZM;SS01-M1-NI1-AJC1-JTR1;SALA DE JARABE TERMINADO;1EJTR-T6713-01;TANQUE 13 DE JARABE TERMINADO (6713);07.05.2026;15.05.2026;11877544;9435411;76012041;MA|CAMBIO DE SENSOR DE TANQUE 13;07.05.2026;MECE ORAS;28.06.2026;400.00;USD
ZM;SS01-M1-NI1-AJC1-JSP1;SALA DE JARABE SIMPLE;1EJSP-SID-01;SISTEMA DE DILUCION;06.05.2026;15.06.2026;11877191;9428284;12000PAE;RQ | MONTAJE ALARMA BODEGA DE AZUCAR JS;06.05.2026;MECE ORAS;15.06.2026;250.00;USD
ZM;SS01-M1-NI1-AJC1-JTR1;SALA DE JARABE TERMINADO;1EJTR-ESD-01;ESTACION DILUCION 1 (JARABE TERMINADO);06.05.2026;06.05.2026;11877126;9428161;12000PAE;MONTAJE CAJA DE LLAVES EN TEAM ROOM JT;06.05.2026;MECE ORAS;06.05.2026;900.00;USD
ZM;SS01-M1-NI1-AJC1-JTR1;SALA DE JARABE TERMINADO;1EJTR-T6705-01;TANQUE 5 DE JARABE TERMINADO (6705);05.05.2026;10.05.2026;11876786;9470248;76012405;MA| fug jarabe tub L3 panLL tq5 jarter;05.05.2026;MECE ORAS;10.06.2026;1300.00;USD
ZM;SS01-M1-NI1-AJC1-CIP1;CUARTO DE CIP;1ECIP-CIP3-01;SISTEMA CIP 3;04.05.2026;04.05.2026;11876406;9356746;11136PAE;Segl cambiar borneras fj cip 3;04.05.2026;MECE PTBO;19.08.2026;698.00;USD
ZM;SS01-M1-NI1-AJC1-CIP1;CUARTO DE CIP;1ECIP-SIN-01;SISTEMA NEUMATICO;02.05.2026;02.05.2026;11875795;9425850;76012271;ma| cambiar manguera de aire;02.05.2026;MECE ORAS;06.05.2026;475.00;USD
ZM;SS01-M1-NI1-AJC1-CIP1;CUARTO DE CIP;1ECIP-CIP1-01;SISTEMA CIP 1;30.04.2026;14.05.2026;11874938;9424922;11136PAE;MA|CAMBIO DE ASIENTO DAÑA VALV CIP 1;30.04.2026;MECE ORAS;14.05.2026;620.00;USD
ZM;SS01-M1-NI1-AJC1-CIP1;CUARTO DE CIP;1ECIP-CIP3-01;SISTEMA CIP 3;30.04.2026;30.04.2026;11874849;9424991;11136PAE;SEGl LIMPIEZA EN SEN NIVEL CIP3;30.04.2026;MECE ORAS;30.04.2026;0.00;USD
ZM;SS01-M1-NI1-AJC1-CIP1;CUARTO DE CIP;1ECIP-CIP3-01;SISTEMA CIP 3;30.04.2026;30.04.2026;11874900;9434463;11136PAE;SEGlCAMBIAR VALVLA MODU VAPOR CIP3;30.04.2026;MECE PTBO;19.06.2026;225.00;USD
ZM;SS01-M1-NI1-AJC1-JSP1;SALA DE JARABE SIMPLE;1EJSP-SIF-01;SISTEMA DE FILTRACION;30.04.2026;30.04.2026;11874848;9424997;11136PAE;MAl CAMBIO DE SELLO EN F2 JS;30.04.2026;MECE ORAS;30.04.2026;9.21;USD
ZM;SS01-M1-NI1-AJC1-JSP1;SALA DE JARABE SIMPLE;1EJSP-SIF-01;SISTEMA DE FILTRACION;29.04.2026;29.04.2026;11874706;9423479;12000PAE;MA I LUBRICACION BOMBA DOSIFICADORA F2;29.04.2026;MECE ORAS;29.04.2026;6.91;USD
ZM;SS01-M1-NI1-AJC1-JTR1;SALA DE JARABE TERMINADO;1EJTR-SIV-01;SISTEMA DE VENTILACION, JARABE TERMINADO;29.04.2026;30.04.2026;11874612;9423331;76015706;REEMPLAZO AC LABORATORIO JARABE;29.04.2026;MECE ORAS;30.04.2026;28.14;USD
ZM;SS01-M1-NI1-AJC1-JTR1;SALA DE JARABE TERMINADO;1EJTR-T6709-01;TANQUE 9 DE JARABE TERMINADO (6709);29.04.2026;29.04.2026;11874411;9469759;76012271;BQ|COORDINAR SODADURA DE ASPAS TQ9;29.04.2026;MECE PTBO;13.08.2026;39.69;USD
ZM;SS01-M1-NI1-AJC1-JTR1;SALA DE JARABE TERMINADO;1EJTR-T6710-01;TANQUE 10 DE JARABE TERMINADO (6710);29.04.2026;29.04.2026;11874412;9469759;76012271;BQ|COORDINAR SOLDADURA DE ASPAS TQ 10;29.04.2026;MECE PTBO;13.08.2026;11.62;USD
ZM;SS01-M1-NI1-AJC1-JTR1;SALA DE JARABE TERMINADO;1EJTR-T6714-01;TANQUE 14 DE JARABE TERMINADO (6714);29.04.2026;29.04.2026;11874575;9423192;12000PAE;SEG I CAMBIO ROSCA ENTRADA TANQUE 14 JT;29.04.2026;MECE ORAS;29.04.2026;-39.66;USD
ZM;SS01-M1-NI1-AJC1-JTR1;SALA DE JARABE TERMINADO;1EJTR-ESD-04;ESTACION DILUCION 4 (JARABE TERMINADO);28.04.2026;29.04.2026;11874221;9422804;11136PAE;MAl CAMBIO DE SELLO EN TQ4 JT;28.04.2026;MECE ORAS;29.04.2026;6.00;USD
ZM;SS01-M1-NI1-AJC1-JSP1;SALA DE JARABE SIMPLE;1EJSP-SIF-01;SISTEMA DE FILTRACION;26.04.2026;27.04.2026;11873572;9419737;12000PAE;MA I LUBRICACION BOMBA DOSIFICADORA F2;26.04.2026;MECE ORAS;27.04.2026;116.14;USD
ZM;SS01-M1-NI1-AJC1-JTR1;SALA DE JARABE TERMINADO;1EJTR-T6704-01;TANQUE 4 DE JARABE TERMINADO (6704);26.04.2026;27.04.2026;11873487;9550539;76012271;ma|fuga en visor tq  4 en union;26.04.2026;MECE ORAS;13.08.2026;12.22;USD
ZM;SS01-M1-NI1-AJC1-JTR1;SALA DE JARABE TERMINADO;1EJTR-T6712-01;TANQUE 12 DE JARABE TERMINADO (6712);23.04.2026;23.04.2026;11872340;9402988;12000PAE;SEG I MODIFICACION TUBERIA AGUA CRUDA L6;23.04.2026;MECE ORAS;23.04.2026;-116.14;USD
ZM;SS01-M1-NI1-AJC1-JTR1;SALA DE JARABE TERMINADO;1EJTR-T6715-01;TANQUE 15 DE JARABE TERMINADO (6715);23.04.2026;24.04.2026;11872456;9403819;12000PAE;SEG I CAMBIO ROSCA SUMINI CIP TQ 15 JT;23.04.2026;MECE ORAS;24.04.2026;1.32;USD
ZM;SS01-M1-NI1-AJC1-JSP1;SALA DE JARABE SIMPLE;1ESIF-FI2-BOD-01;BOMBA ENVIO DE CARBON;23.04.2026;24.04.2026;11872475;9403914;;SEG|CAMBIAR MANGUERA BOMB BREDEL FILTRO2;23.04.2026;MECE ORAS;24.04.2026;2.56;USD
ZM;SS01-M1-NI1-AJC1-JSP1;SALA DE JARABE SIMPLE;1EJSP-STC-01;SISTEMA TRATAMIENTO DE CARBON;22.04.2026;22.04.2026;11871977;9467627;76001947;MA|SELLO BOMBA FUGA CUARTO CARBON;22.04.2026;MECE PTBO;25.06.2026;1.00;USD
ZM;SS01-M1-NI1-AJC1-JTR1;SALA DE JARABE TERMINADO;1EJTR-T6713-01;TANQUE 13 DE JARABE TERMINADO (6713);22.04.2026;28.04.2026;11871974;9422526;76001959;MA| FUGA EN SELLO MECANICO DE BOMBA TQ13;22.04.2026;MECE ORAS;28.04.2026;18.74;USD
ZM;SS01-M1-NI1-AJC1-JTR1;SALA DE JARABE TERMINADO;1EJTR-T6720-01;TANQUE 20 DE JARABE TERMINADO (6720);22.04.2026;22.04.2026;11872025;9467627;11136PAE;MA|FUGA SELLO AGITADOR TANQUE 400 JARTER;22.04.2026;MECE PTBO;18.08.2026;0.50;USD
ZM;SS01-M1-NI1-AJC1-JTR1;SALA DE JARABE TERMINADO;1EJTR-T6712-01;TANQUE 12 DE JARABE TERMINADO (6712);21.04.2026;21.04.2026;11871438;9399547;12000PAE;MA I CAMBIO DE SELLO BOMBA TQ 12 JT;21.04.2026;MECE ORAS;21.04.2026;95.00;USD
ZM;SS01-M1-NI1-AJC1-CIP1;CUARTO DE CIP;1ECIP-CIP2-01;SISTEMA CIP 2;20.04.2026;22.04.2026;11871312;9422530;76001946;NO SE MANTIENE EL FLUJO  Y PIERDE PRECIO;20.04.2026;MECE ORAS;29.04.2026;12.76;USD
ZM;SS01-M1-NI1-AJC1-CIP1;CUARTO DE CIP;1ECIP-CIP2-01;SISTEMA CIP 2;20.04.2026;20.04.2026;11871263;9423021;12000PAE;RQ|PHMETRO DANADO EN SISTEMA CIP 2;20.04.2026;MECE ORAS;19.08.2026;0.50;USD
ZM;SS01-M1-NI1-AJC1-JSP1;SALA DE JARABE SIMPLE;1EJSP-SIF-01;SISTEMA DE FILTRACION;18.04.2026;18.04.2026;11870452;9396204;12000PAE;SEG I CAMBIO DE ACTUADOR FILTRO JS;18.04.2026;MECE ORAS;18.04.2026;3.00;USD
ZM;SS01-M1-NI1-AJC1-JTR1;SALA DE JARABE TERMINADO;1EJTR-ESD-04;ESTACION DILUCION 4 (JARABE TERMINADO);14.04.2026;14.04.2026;11868945;9399701;12000PAE;RQ|REPARACION DE MOTOR ED4 DAÑADO;14.04.2026;MECE ORAS;10.06.2026;14.69;USD
ZM;SS01-M1-NI1-AJC1-JTR1;SALA DE JARABE TERMINADO;1EJTR-T6714-01;TANQUE 14 DE JARABE TERMINADO (6714);14.04.2026;17.04.2026;11868885;9422532;76012041;MA| FUGA EN POR ABRAZADERA DANADA;14.04.2026;MECE ORAS;28.04.2026;4.80;USD
ZM;SS01-M1-NI1-AJC1-CIP1;CUARTO DE CIP;1ECIP-CIP2-01;SISTEMA CIP 2;13.04.2026;20.04.2026;11868625;9393482;11136PAE;CALIBRACION EQUIPO DE JARABE;13.04.2026;MECE ORAS;20.04.2026;2.71;USD
ZM;SS01-M1-NI1-AJC1-JTR1;SALA DE JARABE TERMINADO;1EJTR-T6705-01;TANQUE 5 DE JARABE TERMINADO (6705);13.04.2026;13.04.2026;11868574;9464270;76012041;MA|FUGA EN TEE DE TUBE LINEA 3;13.04.2026;MECE PTBO;23.05.2026;190.00;USD
ZI;SS01-M1-NI1-AJC1-JSP1;SALA DE JARABE SIMPLE;1EJSP-SIF-01;SISTEMA DE FILTRACION;11.04.2026;12.04.2026;11867811;9422534;76012041;MA|Cambio de rotor en bomba peristatica;11.04.2026;MECE ORAS;28.04.2026;7.59;USD
ZI;SS01-M1-NI1-AJC1-JSP1;SALA DE JARABE SIMPLE;1EJSP-SIF-01;SISTEMA DE FILTRACION;11.04.2026;08.06.2026;11867887;9470247;12000PAE;SC ICAMBIO DE MANOMETRO PRDP 3058 F2 JS;11.04.2026;MECE ORAS;16.06.2026;2.40;USD
ZM;SS01-M1-NI1-AJC1-CIP1;CUARTO DE CIP;1ECIP-CIP1-01;SISTEMA CIP 1;09.04.2026;10.04.2026;11867123;9390689;11136PAE;SEG|Mejora en manifull de Dosf CIP;09.04.2026;MECE ORAS;10.04.2026;258.09;USD
ZM;SS01-M1-NI1-AJC1-JTR1;SALA DE JARABE TERMINADO;1EJTR-ESD-01;ESTACION DILUCION 1 (JARABE TERMINADO);10.04.2026;10.04.2026;11867314;9463172;76012411;BQ| Gestionar reparacion de densimetro;09.04.2026;MECE PTBO;28.04.2026;95.00;USD
ZM;SS01-M1-NI1-AJC1-JSP1;SALA DE JARABE SIMPLE;1EJSP-TOE-01;TORRE DE ENFRIAMIENTO (JARABE SIMPLE);08.04.2026;08.04.2026;11866621;9390006;11136PAE;SEG|REBOBINAR MOTOR TORRE ENFRI JARABE;08.04.2026;MECE ORAS;23.05.2026;2.40;USD
ZM;SS01-M1-NI1-AJC1-JTR1;SALA DE JARABE TERMINADO;1EJTR-ESD-03;ESTACION DILUCION 3 (JARABE TERMINADO);08.04.2026;10.04.2026;11866815;9390210;12000PAE;SEG I COLOCAR PERNO FILTRO MERCH JT;08.04.2026;MECE ORAS;10.04.2026;139.50;USD
ZM;SS01-M1-NI1-AJC1-JSP1;SALA DE JARABE SIMPLE;1ESIF-FI1-01;FILTRO 1 (JARABE SIMPLE);08.04.2026;10.04.2026;11866620;9390003;11136PAE;MA|CAMBIO MANGUERA DAÑADA BOMBA BREDEL;08.04.2026;MECE ORAS;10.04.2026;5.20;USD
ZM;SS01-M1-NI1-AJC1-CIP1;CUARTO DE CIP;1ECIP-CIP1-01;SISTEMA CIP 1;06.04.2026;10.04.2026;11865557;9388166;12000PAE;MA I CAMBIO EMPAQUE TUBERIA TQ AGUA CIP1;06.04.2026;MECE ORAS;10.04.2026;103.12;USD
ZM;SS01-M1-NI1-AJC1-JSP1;SALA DE JARABE SIMPLE;1EJSP-SIF-01;SISTEMA DE FILTRACION;05.04.2026;05.04.2026;11865360;9387707;12000PAE;MA I CAMBIO EMPAQUE VISOR DE ENVIO F1 JS;05.04.2026;MECE ORAS;05.04.2026;325.00;USD
ZM;SS01-M1-NI1-AJC1-JTR1;SALA DE JARABE TERMINADO;1EJTR-T6709-01;TANQUE 9 DE JARABE TERMINADO (6709);04.04.2026;04.04.2026;11865262;9439170;76012041;COORDINAR REPARACION DE LLAVE RACOR;04.04.2026;MECE PTBO;28.05.2026;25.76;USD
ZM;SS01-M1-NI1-AJC1-JSP1;SALA DE JARABE SIMPLE;1EJSP-STC-01;SISTEMA TRATAMIENTO DE CARBON;03.04.2026;10.04.2026;11865045;9387315;12000PAE;FABRICACION DRENO TUBERIA CARBON JS;03.04.2026;MECE ORAS;10.04.2026;26.56;USD
ZM;SS01-M1-NI1-AJC1-JTR1;SALA DE JARABE TERMINADO;1EJTR-ESD-04;ESTACION DILUCION 4 (JARABE TERMINADO);02.04.2026;03.04.2026;11864758;9427945;12000PAE;SEG I CAMBIO CORAZA CONEXIO BOMBA ED4 JT;02.04.2026;MECE ORAS;06.05.2026;98.28;USD
ZM;SS01-M1-NI1-AJC1-JTR1;SALA DE JARABE TERMINADO;1EJTR-T6704-01;TANQUE 4 DE JARABE TERMINADO (6704);02.04.2026;10.04.2026;11864757;9387149;12000PAE;SEG I CAMBIO ROSCA JARABE SIMPLE TQ 4;02.04.2026;MECE ORAS;10.04.2026;13.08;USD
ZM;SS01-M1-NI1-AJC1-JTR1;SALA DE JARABE TERMINADO;1EJTR-T6706-01;TANQUE 6 DE JARABE TERMINADO (6706);02.04.2026;02.04.2026;11864729;9387148;76012271;SEG|CAMBIO DE CENSOR DE BAJO NIVEL TQ 6;02.04.2026;MECE ORAS;02.04.2026;19.92;USD
ZM;SS01-M1-NI1-AJC1-JTR1;SALA DE JARABE TERMINADO;1EJTR-T6713-01;TANQUE 13 DE JARABE TERMINADO (6713);02.04.2026;02.04.2026;11864466;9386686;12000PAE;MA I CAMBIO DE SELLO BOMBA TQ 13 JT;02.04.2026;MECE ORAS;02.04.2026;2.97;USD
ZA;SS01-M1-NI1-AJC1-JSP1;SALA DE JARABE SIMPLE;1EJSP-SIF-01;SISTEMA DE FILTRACION;31.03.2026;31.03.2026;11863801;9385077;12000PAE;CAMBIO BOMBA BREDEL HOLDING JS;31.03.2026;MECE ORAS;31.03.2026;0.18;USD
ZM;SS01-M1-NI1-AJC1-CIP1;CUARTO DE CIP;1ECIP-CIP1-01;SISTEMA CIP 1;31.03.2026;31.03.2026;11863737;9384984;12000PAE;MA I CAMBIO EMPAQUE TUBERIA RECIRC CIP 1;31.03.2026;MECE ORAS;31.03.2026;0.83;USD
ZM;SS01-M1-NI1-AJC1-JTR1;SALA DE JARABE TERMINADO;1EJTR-SIV-01;SISTEMA DE VENTILACION, JARABE TERMINADO;31.03.2026;10.04.2026;11863834;9389923;12000PAE;LIMPIEZA TECHO JARABE TERMINADO;31.03.2026;MECE ORAS;10.04.2026;53.88;USD
ZM;SS01-M1-NI1-AJC1-JSP1;SALA DE JARABE SIMPLE;1EJSP-SIF-01;SISTEMA DE FILTRACION;30.03.2026;31.03.2026;11863477;9385079;12000PAE;MA I CAMBIO BOMBA DOSIFICADORA HOLD 1 JS;30.03.2026;MECE ORAS;31.03.2026;53.88;USD
ZM;SS01-M1-NI1-AJC1-JTR1;SALA DE JARABE TERMINADO;1EJTR-T6713-01;TANQUE 13 DE JARABE TERMINADO (6713);28.03.2026;28.03.2026;11862897;9383470;11136PAE;SEGl Cambio de conector TQ 13 JT;28.03.2026;MECE ORAS;31.03.2026;1839.00;USD
ZM;SS01-M1-NI1-AJC1-JTR1;SALA DE JARABE TERMINADO;1EJTR-T6706-01;TANQUE 6 DE JARABE TERMINADO (6706);27.03.2026;27.03.2026;11862539;9382135;11136PAE;LIMPIEZA TECHOS TABLEROS JARTER;27.03.2026;MECE ORAS;27.03.2026;1720.00;USD
ZM;SS01-M1-NI1-AJC1-JSP1;SALA DE JARABE SIMPLE;1ESID-TOA-01;TOLVA DE AZUCAR;27.03.2026;27.03.2026;11862610;9382140;11136PAE;LIMPIEZA EN TOLVA DE AZUCAR;27.03.2026;MECE ORAS;27.03.2026;790.00;USD
ZM;SS01-M1-NI1-AJC1-JTR1;SALA DE JARABE TERMINADO;1EJTR-T6711-01;TANQUE 11 DE JARABE TERMINADO (6711);25.03.2026;25.03.2026;11861383;9379341;12000PAE;MA I CAMBIO DE SELLO A BOMBA TQ11;25.03.2026;MECE ORAS;26.03.2026;520.00;USD
ZM;SS01-M1-NI1-PMX1;AREA DE LLENADO DE CILINDROS POST MIX;1EPMX-LLB-01;LLENADORA BAG IN BOX;25.03.2026;25.03.2026;11861124;9378939;11136PAE;SEGlcambio reguladora racd 8 LLDRAL6 JT;25.03.2026;MECE ORAS;26.03.2026;1.49;USD
ZA;SS01-M1-NI1-AJC1-JSP1;SALA DE JARABE SIMPLE;1EJSP-SID-01;SISTEMA DE DILUCION;23.03.2026;27.03.2026;11860453;9380708;11136PAE;SEG| Inspeccion y Limpz en JS tolva;23.03.2026;MECE ORAS;27.03.2026;5.01;USD
ZM;SS01-M1-NI1-AJC1-JSP1;SALA DE JARABE SIMPLE;1EJSP-SID-01;SISTEMA DE DILUCION;22.03.2026;22.03.2026;11860067;9360705;12000PAE;CAMBIO BATERIAS CONTROL TOLVA AZUCAR;22.03.2026;MECE ORAS;27.03.2026;48.92;USD
ZI;SS01-M1-NI1-AJC1-JSP1;SALA DE JARABE SIMPLE;1EJSP-SIF-01;SISTEMA DE FILTRACION;21.03.2026;23.03.2026;11860048;9360345;12000PAE;MA I CAMBIO EMPAQUE VALVULA DRENO F2;21.03.2026;MECE ORAS;23.03.2026;5.69;USD
ZM;SS01-M1-NI1-AJC1-JSP1;SALA DE JARABE SIMPLE;1EJSP-TOE-01;TORRE DE ENFRIAMIENTO (JARABE SIMPLE);20.03.2026;27.03.2026;11859570;9380710;12000PAE;CAMBIO CABLEADO A TORRE ENFRIAMIENTO JS;20.03.2026;MECE ORAS;27.03.2026;364.85;USD
ZM;SS01-M1-NI1-AJC1-JSP1;SALA DE JARABE SIMPLE;1EJSP-TOE-01;TORRE DE ENFRIAMIENTO (JARABE SIMPLE);20.03.2026;20.03.2026;11859538;9358289;12000PAE;CAMBIO GUARDAMOTOR TORRE ENFRIAMIENTO JS;20.03.2026;MECE ORAS;27.03.2026;125.09;USD
ZM;SS01-M1-NI1-AJC1-JSP1;SALA DE JARABE SIMPLE;1EJSP-SID-01;SISTEMA DE DILUCION;19.03.2026;19.03.2026;11859182;9435208;76002049;MA|CAMBIO EMP POR FUG EN VAL REG JS;19.03.2026;MECE PTBO;23.05.2026;6.94;USD
ZM;SS01-M1-NI1-AJC1-JSP1;SALA DE JARABE SIMPLE;1EJSP-TOE-01;TORRE DE ENFRIAMIENTO (JARABE SIMPLE);19.03.2026;23.03.2026;11859255;9358023;11136PAE;INSTALACION MOTORTORRE JARABE SIMPLE;19.03.2026;MECE ORAS;23.03.2026;190.00;USD
ZA;SS01-M1-NI1-AJC1-JTR1;SALA DE JARABE TERMINADO;1EJTR-T6709-01;TANQUE 9 DE JARABE TERMINADO (6709);17.03.2026;19.03.2026;11858432;9357479;11136PAE;MAl CAMBIO DE BOMBA TQ9 JT;17.03.2026;MECE ORAS;19.03.2026;364.85;USD
ZM;SS01-M1-NI1-AJC1-JTR1;SALA DE JARABE TERMINADO;1EJTR-ESD-04;ESTACION DILUCION 4 (JARABE TERMINADO);16.03.2026;27.03.2026;11857703;9380711;76011305;SEG| BASE DE AJITADOR QUEBRADA;16.03.2026;MECE ORAS;27.03.2026;69.55;USD
ZM;SS01-M1-NI1-AJC1-JSP1;SALA DE JARABE SIMPLE;1EJSP-TOE-01;TORRE DE ENFRIAMIENTO (JARABE SIMPLE);14.03.2026;14.03.2026;11857211;9354440;11136PAE;RQ|REPARACION MOTOR TORRE ENFRIAMIENTO;14.03.2026;MECE ORAS;27.03.2026;780.00;USD
ZM;SS01-M1-NI1-AJC1-CIP1;CUARTO DE CIP;1ECIP-CIP1-01;SISTEMA CIP 1;12.03.2026;12.03.2026;11856457;9353320;12000PAE;CONEXION MEDIDOR TEMPERATURA NUEVO;12.03.2026;MECE ORAS;12.03.2026;0.78;USD
ZM;SS01-M1-NI1-AJC1-JTR1;SALA DE JARABE TERMINADO;1EJTR-T6719-01;TANQUE 19 DE JARABE TERMINADO (6719);12.03.2026;12.03.2026;11856673;9428161;76002032;MA|CAMB SELL MECA MOTAGITADOR TQ20;12.03.2026;MECE PTBO;23.05.2026;1.85;USD
ZM;SS01-M1-NI1-AJC1-JSP1;SALA DE JARABE SIMPLE;1EJSP-STC-01;SISTEMA TRATAMIENTO DE CARBON;11.03.2026;12.03.2026;11856144;9353179;76001947;ZM I FUGA EN CARACOL DE BOMBA DE CARBON;11.03.2026;MECE ORAS;12.03.2026;250.00;USD
ZM;SS01-M1-NI1-AJC1-JSP1;SALA DE JARABE SIMPLE;1ESIF-FI2-DDT;TANQUE DOSIFICADOR TIERRA 8701FILTRO 2;11.03.2026;12.03.2026;11856203;9352992;11136PAE;MA|FUGA BOMBA BREDEL;11.03.2026;MECE ORAS;12.03.2026;79.10;USD
ZM;SS01-M1-NI1-AJC1-CIP1;CUARTO DE CIP;1ECIP-CIP2-01;SISTEMA CIP 2;08.03.2026;12.03.2026;11854858;9350437;;RQ|CABLE PARA CONEXION MED VAPOR;08.03.2026;MECE ORAS;12.03.2026;95.00;USD
ZM;SS01-M1-NI1-AJC1-JSP1;SALA DE JARABE SIMPLE;1EJSP-SID-01;SISTEMA DE DILUCION;08.03.2026;08.03.2026;11854726;9350414;11136PAE;MAl cambio de racord 8 en Tolva JS;08.03.2026;MECE ORAS;11.03.2026;79.10;USD
ZM;SS01-M1-NI1-AJC1-JSP1;SALA DE JARABE SIMPLE;1EJSP-SIF-01;SISTEMA DE FILTRACION;07.03.2026;09.03.2026;11854355;9349321;76002264;MA|Reparar manguera aire tablero FiltroJ;07.03.2026;MECE ORAS;09.03.2026;25.77;USD
ZM;SS01-M1-NI1-AJC1-JTR1;SALA DE JARABE TERMINADO;1EJTR-ESD-04;ESTACION DILUCION 4 (JARABE TERMINADO);06.03.2026;08.04.2026;11853996;9353382;12000PAE;HER| CAMBIO CINTA METRICA 5 MTS;06.03.2026;MECE ORAS;08.04.2026;14.07;USD
ZM;SS01-M1-NI1-AJC1-JTR1;SALA DE JARABE TERMINADO;1EJTR-ESD-04;ESTACION DILUCION 4 (JARABE TERMINADO);06.03.2026;08.04.2026;11853999;9353375;12000PAE;HER| CAMBIO JUEGO DE CUBOS MM DE 1/4;06.03.2026;MECE ORAS;08.04.2026;6.00;USD
ZM;SS01-M1-NI1-AJC1-JTR1;SALA DE JARABE TERMINADO;1EJTR-ESD-04;ESTACION DILUCION 4 (JARABE TERMINADO);06.03.2026;08.04.2026;11854045;9353390;12000PAE;HER|CAMBIO JUEGO LLAVES ALLEN MM;06.03.2026;MECE ORAS;08.04.2026;519.37;USD
ZM;SS01-M1-NI1-AJC1-CIP1;CUARTO DE CIP;1ECIP-CIP2-01;SISTEMA CIP 2;04.03.2026;05.03.2026;11853188;9422537;76002037;MA|FUGA VALV DE SUMI POR EMP VAPOR CIP 2;04.03.2026;MECE ORAS;28.04.2026;364.85;USD
ZM;SS01-M1-NI1-AJC1-JSP1;SALA DE JARABE SIMPLE;1EJSP-STC-01;SISTEMA TRATAMIENTO DE CARBON;04.03.2026;04.03.2026;11853277;9356746;76001947;ZM|FUGA EN BOMBA DE CARBON;04.03.2026;MECE ORAS;28.05.2026;14.34;USD
ZM;SS01-M1-NI1-AJC1-JSP1;SALA DE JARABE SIMPLE;1EJSP-SIF-01;SISTEMA DE FILTRACION;03.03.2026;05.03.2026;11852652;9346866;12000PAE;MA|CAMBIO SELLO BOMBA RECIRC FILTRO 2;03.03.2026;MECE ORAS;05.03.2026;0.18;USD
ZM;SS01-M1-NI1-AJC1-JTR1;SALA DE JARABE TERMINADO;1EJTR-TQG-01;TANQUE PARA GOMA;02.03.2026;03.03.2026;11852326;9346135;12000PAE;CAMBIO INJERTO A BOMBA DE LOBULOS JT;02.03.2026;MECE ORAS;03.03.2026;0.16;USD
ZM;SS01-M1-NI1-AJC1-JSP1;SALA DE JARABE SIMPLE;1EJSP-SIF-01;SISTEMA DE FILTRACION;27.02.2026;28.02.2026;11851488;9347135;11136PAE;MAl CAMBIO DE MANGUERA A JS A MITECO;27.02.2026;MECE ORAS;30.04.2026;7.56;USD
ZM;SS01-M1-NI1-AJC1-JSP1;SALA DE JARABE SIMPLE;1EJSP-STC-01;SISTEMA TRATAMIENTO DE CARBON;26.02.2026;02.03.2026;11851181;9346199;76012041;MA||FUGA DE CARBOM POR MANGUERA DANADA;26.02.2026;MECE ORAS;02.03.2026;2.60;USD
ZM;SS01-M1-NI1-AJC1-JTR1;SALA DE JARABE TERMINADO;1EJTR-T6708-01;TANQUE 8 DE JARABE TERMINADO (6708);26.02.2026;26.02.2026;11850791;9343081;76012470;MA| FUGA EN SELLO MECANICO DE BOMBA TQ8;26.02.2026;MECE ORAS;26.02.2026;95.00;USD
ZA;SS01-M1-NI1-AJC1-JSP1;SALA DE JARABE SIMPLE;1EJSP-SID-01;SISTEMA DE DILUCION;25.02.2026;02.03.2026;11850744;9346168;12000PAE;DESHATASCAMIENTO DE TORNILLO SINFIN TOLV;25.02.2026;MECE ORAS;02.03.2026;210.03;USD
ZM;SS01-M1-NI1-AJC1-JSP1;SALA DE JARABE SIMPLE;1ESIF-FI2-01;FILTRO 2 (JARABE SIMPLE);24.02.2026;28.02.2026;11849918;9327497;11136PAE;REQ|REPARACION MOTOBOMBA DE JARSIM;24.02.2026;MECE ORAS;28.05.2026;50.90;USD
ZM;SS01-M1-NI1-AJC1-CIP1;CUARTO DE CIP;1ECIP-CIP2-01;SISTEMA CIP 2;22.02.2026;22.02.2026;11849272;9320476;11136PAE;SC|CAMBIO MANOMETRO DAÑADO CIP2 JARSIM;22.02.2026;MECE ORAS;22.02.2026;18.74;USD
ZM;SS01-M1-NI1-AJC1-JSP1;SALA DE JARABE SIMPLE;1ESTC-HO1-01;HOLDING 1 (SISTEMA TRATAMIENTO CARBON);22.02.2026;22.02.2026;11849271;9320477;11136PAE;SC|CAMBIO MANOMETRO DAÑADO HOLDING 1;22.02.2026;MECE ORAS;22.02.2026;1.85;USD
ZM;SS01-M1-NI1-AJC1-JSP1;SALA DE JARABE SIMPLE;;;20.02.2026;02.03.2026;11848781;9346201;76002032;COMPONENTE MAL UBICADO;20.02.2026;MECE ORAS;02.03.2026;1.25;USD
ZM;SS01-M1-NI1-AJC1-JSP1;SALA DE JARABE SIMPLE;1EJSP-FLJ-01;SISTEMA FLOTACION JARABE SIMPLE;20.02.2026;21.02.2026;11848814;9317563;11136PAE;MAl Fuga en valvula 110-80 Js;20.02.2026;MECE ORAS;21.02.2026;1.30;USD
ZM;SS01-M1-NI1-AJC1-CIP1;CUARTO DE CIP;1ECIP-CIP3-01;SISTEMA CIP 3;18.02.2026;18.02.2026;11847607;9390689;76002037;MEDIDOR DE FLUJO EN CIP 3;18.02.2026;MECE;27.03.2026;0.35;USD
ZM;SS01-M1-NI1-AJC1-CIP1;CUARTO DE CIP;1ECIP-CIP3-01;SISTEMA CIP 3;18.02.2026;18.02.2026;11847606;9390689;76002037;VALVULA CONTROLADORA DE VAPOR;18.02.2026;MECE PTBO;28.05.2026;0.95;USD
ZM;SS01-M1-NI1-AJC1-CIP1;CUARTO DE CIP;1ECIP-CIP3-01;SISTEMA CIP 3;18.02.2026;18.02.2026;11847604;9390689;76002037;MA|CAMBIO VALV CORTE SUMI VAPOR CIP 3;18.02.2026;MECE PTBO;28.05.2026;1.85;USD
ZM;SS01-M1-NI1-AJC1-CIP1;CUARTO DE CIP;1ECIP-CIP3-01;SISTEMA CIP 3;18.02.2026;20.02.2026;11847603;9540211;76002037;VISORES DE TANQUES CIP 3;18.02.2026;MECE ORAS;04.08.2026;2.56;USD
ZM;SS01-M1-NI1-AJC1-JSP1;SALA DE JARABE SIMPLE;1EJSP-SIF-01;SISTEMA DE FILTRACION;18.02.2026;19.02.2026;11847622;9427918;76002264;MA | Cambiar empaque union bomba F1 JS;18.02.2026;MECE ORAS;06.05.2026;0.55;USD
ZM;SS01-M1-NI1-AJC1-JTR1;SALA DE JARABE TERMINADO;1EJTR-ESD-03;ESTACION DILUCION 3 (JARABE TERMINADO);17.02.2026;17.02.2026;11847160;9390689;11136PAE;MAl cambio de empaque DN32 1/2 ED4 JT;17.02.2026;MECE;14.04.2026;0.75;USD
ZM;SS01-M1-NI1-AJC1-JTR1;SALA DE JARABE TERMINADO;1EJTR-T6709-01;TANQUE 9 DE JARABE TERMINADO (6709);17.02.2026;17.02.2026;11847182;9390689;11136PAE;Soldadura a aspa de tq 9 JT;17.02.2026;MECE PTBO;29.04.2026;1.25;USD
ZM;SS01-M1-NI1-AJC1-CIP1;CUARTO DE CIP;1ECIP-CIP2-01;SISTEMA CIP 2;16.02.2026;18.02.2026;11847094;9314105;11136PAE;MAlponer adapte en valvula tq conde cip2;16.02.2026;MECE ORAS;18.02.2026;1.49;USD
ZM;SS01-M1-NI1-AJC1-JTR1;SALA DE JARABE TERMINADO;1EJTR-ESD-04;ESTACION DILUCION 4 (JARABE TERMINADO);16.02.2026;19.02.2026;11847095;9314106;11136PAE;MAl cambio de empaque DN40 ED4;16.02.2026;MECE ORAS;19.02.2026;2.56;USD
ZM;SS01-M1-NI1-AJC1-JTR1;SALA DE JARABE TERMINADO;1EJTR-ESD-03;ESTACION DILUCION 3 (JARABE TERMINADO);14.02.2026;22.02.2026;11846285;9313723;76002032;FUGA VALVULA MANUAL DN65 ED3;14.02.2026;MECE ORAS;22.02.2026;0.55;USD
ZM;SS01-M1-NI1-AJC1-CIP1;CUARTO DE CIP;1ECIP-CIP1-01;SISTEMA CIP 1;12.02.2026;13.02.2026;11845637;9311774;12000PAE;FUGA EN BOMBA DOSIF DE SODA CIP 1;12.02.2026;MECE ORAS;13.02.2026;0.35;USD
ZM;SS01-M1-NI1-AJC1-CIP1;CUARTO DE CIP;1ECIP-CIP2-01;SISTEMA CIP 2;12.02.2026;17.02.2026;11845379;9311616;;INST SISTEMA REGULACION DE VAPOR CIP 2;12.02.2026;MECE ORAS;17.02.2026;44.90;USD
ZM;SS01-M1-NI1-AJC1-JTR1;SALA DE JARABE TERMINADO;1EJTR-T6711-01;TANQUE 11 DE JARABE TERMINADO (6711);13.02.2026;13.02.2026;11845655;9311783;12000PAE;AFJ | SENSOR TANQUE 11 PUENTIADO;12.02.2026;MECE ORAS;13.02.2026;5.69;USD
ZM;SS01-M1-NI1-AJC1-JTR1;SALA DE JARABE TERMINADO;1EJTR-T6712-01;TANQUE 12 DE JARABE TERMINADO (6712);12.02.2026;13.02.2026;11845652;9311782;12000PAE;CAMBIO MANGERA DRENO LLENADORA L6;12.02.2026;MECE ORAS;13.02.2026;15.95;USD
ZM;SS01-M1-NI1-AJC1-JTR1;SALA DE JARABE TERMINADO;1EJTR-T6714-01;TANQUE 14 DE JARABE TERMINADO (6714);11.02.2026;11.02.2026;11844779;9313722;11136PAE;Segl Coopling de agitador tq14 JT;11.02.2026;MECE ORAS;13.04.2026;2.60;USD
ZM;SS01-M1-NI1-AJC1-JTR1;SALA DE JARABE TERMINADO;1EJTR-T6709-01;TANQUE 9 DE JARABE TERMINADO (6709);10.02.2026;10.02.2026;11844421;9313825;76002037;MA| FUGA TUBERIA EN TEE LINEA 4 JARTER;10.02.2026;MECE ORAS;13.04.2026;1.25;USD
ZM;SS01-M1-NI1-AJC1-CIP1;CUARTO DE CIP;1ECIP-CIP1-01;SISTEMA CIP 1;09.02.2026;09.02.2026;11844064;9390210;76002037;MA|FUGA TUB PICADURA SUMINISTRO CIP1;09.02.2026;MECE;14.04.2026;0.75;USD
ZM;SS01-M1-NI1-AJC1-CIP1;CUARTO DE CIP;1ECIP-CIP3-01;SISTEMA CIP 3;09.02.2026;10.02.2026;11844066;9310319;76002037;FUGA EXCESIVA;09.02.2026;MECE ORAS;10.02.2026;1.25;USD
ZM;SS01-M1-NI1-AJC1-JTR1;SALA DE JARABE TERMINADO;1EJTR-ESD-01;ESTACION DILUCION 1 (JARABE TERMINADO);09.02.2026;09.02.2026;11843908;9388166;76002032;MA|FUGA PNEL PRIN SUMINISTRO CIP 1 JARTE;09.02.2026;MECE;14.04.2026;1.16;USD
ZM;SS01-M1-NI1-AJC1-JSP1;SALA DE JARABE SIMPLE;1ESIF-FI2-01;FILTRO 2 (JARABE SIMPLE);09.02.2026;02.03.2026;11844101;9309723;11136PAE;FUGA EN CODOS FILTRO 1 JARSIM;09.02.2026;MECE ORAS;02.03.2026;5.55;USD
ZM;SS01-M1-NI1-AJC1-JTR1;SALA DE JARABE TERMINADO;1EJTR-ESD-03;ESTACION DILUCION 3 (JARABE TERMINADO);06.02.2026;19.02.2026;11842924;9313720;76001959;MA| FUGA EN VALVULA H2O TRATADA EST. 3;06.02.2026;MECE ORAS;19.02.2026;0.75;USD
ZM;SS01-M1-NI1-AJC1-JSP1;SALA DE JARABE SIMPLE;1EJSP-SIF-01;SISTEMA DE FILTRACION;05.02.2026;16.02.2026;11842291;9313718;76001947;ZM|BOMBA DEL AGUITADOR DEL HOLDING 2;04.02.2026;MECE ORAS;16.02.2026;1.80;USD
ZM;SS01-M1-NI1-AJC1-JSP1;SALA DE JARABE SIMPLE;1EJSP-SID-01;SISTEMA DE DILUCION;03.02.2026;22.02.2026;11841590;9303198;76015706;REQ| CAMBIO A/C CUARTO DE BOMBAS JAR;03.02.2026;MECE ORAS;22.02.2026;6.87;USD
ZM;SS01-M1-NI1-AJC1-JSP1;SALA DE JARABE SIMPLE;1012076;INTERCAMBIADOR DE JARABE;02.02.2026;22.02.2026;11841131;9302770;11136PAE;RQ|CAMBIO INTERCAMBIADOR DE CALOR;02.02.2026;MECE ORAS;22.02.2026;18.74;USD
ZM;SS01-M1-NI1-AJC1-JTR1;SALA DE JARABE TERMINADO;1EJTR-T6704-01;TANQUE 4 DE JARABE TERMINADO (6704);29.01.2026;02.03.2026;11839602;9346206;76012405;MA| FUGA DE JARABE TANQ 4 L-4 JARTER;29.01.2026;MECE ORAS;02.03.2026;1.06;USD
ZI;SS01-M1-NI1-AJC1-JTR1;SALA DE JARABE TERMINADO;1EJTR-T6707-01;TANQUE 7 DE JARABE TERMINADO (6707);28.01.2026;02.02.2026;11839441;9300831;76012271;MA| cambio d sello me canico tq 7;28.01.2026;MECE ORAS;02.02.2026;1.85;USD
ZM;SS01-M1-NI1-AJC1-JTR1;SALA DE JARABE TERMINADO;1EJTR-ESD-04;ESTACION DILUCION 4 (JARABE TERMINADO);28.01.2026;28.01.2026;11839069;9387315;76001959;MA| FUGA EN VISOR TQ 4 PARTE DE LA UNION;28.01.2026;MECE;14.04.2026;2.95;USD
ZM;SS01-M1-NI1-AJC1-JTR1;SALA DE JARABE TERMINADO;1EJTR-T6716-01;TANQUE 16 DE JARABE TERMINADO (6716);27.01.2026;29.01.2026;11838862;9296239;76002032;dano de rosca;27.01.2026;MECE ORAS;29.01.2026;5.81;USD
ZM;SS01-M1-NI1-AJC1-JTR1;SALA DE JARABE TERMINADO;1EJTR-ESD-03;ESTACION DILUCION 3 (JARABE TERMINADO);26.01.2026;27.01.2026;11838426;9296236;12000PAE;CAMBIO DE ARANDELA SIN FIN ED3;26.01.2026;MECE ORAS;27.01.2026;364.85;USD
ZM;SS01-M1-NI1-AJC1-JTR1;SALA DE JARABE TERMINADO;1EJTR-T6714-AT14;AGITADOR TANQUE 14 (JARTER);26.01.2026;26.01.2026;11838440;9295407;11136PAE;RQ|RODAMIENTO MANTO AGITADORES;26.01.2026;MECE ORAS;13.04.2026;2.40;USD
ZI;SS01-M1-NI1-AJC1-CIP1;CUARTO DE CIP;1ECIP-EQC-01;EQUIPOS DE MEDICIÓN CIP;25.01.2026;26.04.2026;11837929;9422554;76002037;SOLO TRABAJA FORZADA;25.01.2026;MECE ORAS;28.04.2026;5.81;USD
ZM;SS01-M1-NI1-AJC1-CIP1;CUARTO DE CIP;1ECIP-CIP1-01;SISTEMA CIP 1;25.01.2026;25.01.2026;11837766;9378939;76002037;TUBERIA DE VAPOR CIP1;25.01.2026;MECE PTBO;27.03.2026;4.80;USD
ZM;SS01-M1-NI1-AJC1-JSP1;SALA DE JARABE SIMPLE;1EJSP-SID-01;SISTEMA DE DILUCION;23.01.2026;29.01.2026;11837148;9296241;76002049;FUGA POR SELLO;23.01.2026;MECE ORAS;29.01.2026;95.00;USD
ZM;SS01-M1-NI1-AJC1-JSP1;SALA DE JARABE SIMPLE;1EJSP-SIF-01;SISTEMA DE FILTRACION;23.01.2026;18.02.2026;11837224;9311345;12000PAE;MA|CAMB SELLO MECANI DANADO HOLDING 1;23.01.2026;MECE ORAS;18.02.2026;5.30;USD
ZM;SS01-M1-NI1-AJC1-CIP1;CUARTO DE CIP;1ECIP-CIP1-01;SISTEMA CIP 1;20.01.2026;29.01.2026;11836094;9296242;12000PAE;MA|CAMB SELLO MECANICO BOMBA CIP1;20.01.2026;MECE ORAS;29.01.2026;8.07;USD
ZM;SS01-M1-NI1-AJC1-JSP1;SALA DE JARABE SIMPLE;1EDEC-SIT-01;SISTEMA DE TUBERIAS;20.01.2026;20.01.2026;11836031;9275974;;MA|FUGA AGUA MANGUERA LUB AGUA BOMBA JAR;20.01.2026;MECE ORAS;20.01.2026;61.62;USD
ZM;SS01-M1-NI1-AJC1-JSP1;SALA DE JARABE SIMPLE;1ESRA-T181;TANQUE DE AGUA DULCE T181;20.01.2026;22.01.2026;11836032;9275983;11136PAE;CAMBI MEMBRA BOMB DIAFRAGMA JARSIM;20.01.2026;MECE ORAS;22.01.2026;109.73;USD
ZN;SS01-M1-NI1-AJC1-JSP1;SALA DE JARABE SIMPLE;1EJSP-SIF-01;SISTEMA DE FILTRACION;20.01.2026;16.02.2026;8000061587;9313708;12000PAE;MA|CAMBI SELLO MECANICO BOMB RECI HOLDIN;20.01.2026;MECE ORAS;16.02.2026;2.40;USD
ZM;SS01-M1-NI1-AJC1-JTR1;SALA DE JARABE TERMINADO;1EJTR-T6708-01;TANQUE 8 DE JARABE TERMINADO (6708);18.01.2026;19.01.2026;11835247;9273823;11136PAE;MA| Cambio de sello BT8 JT;18.01.2026;MECE ORAS;19.01.2026;1345.00;USD
ZN;SS01-M1-NI1-AJC1-JSP1;SALA DE JARABE SIMPLE;1EJSP-SID-01;SISTEMA DE DILUCION;14.01.2026;14.01.2026;8000061408;9271632;11136PAE;SEG | REPARAR GRADA DE CUARTO DE BOMBAS;14.01.2026;MECE ORAS;14.01.2026;1.50;USD
ZM;SS01-M1-NI1-AJC1-CIP1;CUARTO DE CIP;1ECIP-CIP1-01;SISTEMA CIP 1;13.01.2026;30.01.2026;11833184;9270771;11136PAE;RQ|REPARACION DE EJE MOTOBOMBA TQ CIP1;13.01.2026;MECE ORAS;23.05.2026;1.36;USD
ZM;SS01-M1-NI1-AJC1-JTR1;SALA DE JARABE TERMINADO;1EJTR-T6702-01;TANQUE 2 DE JARABE TERMINADO (6702);13.01.2026;16.02.2026;11833110;9313706;76002032;MA|CAMB ASIENTO DE EMPA DN65 LNEA2 P;13.01.2026;MECE ORAS;16.02.2026;365.25;USD
ZM;SS01-M1-NI1-AJC1-JSP1;SALA DE JARABE SIMPLE;1EJSP-SIF-01;SISTEMA DE FILTRACION;12.01.2026;23.01.2026;11832780;9313894;11136PAE;MAl CAMBIAR VALVULA REGULADORA AIRE JS F;12.01.2026;MECE ORAS;30.04.2026;83.15;USD
ZM;SS01-M1-NI1-AJC1-JTR1;SALA DE JARABE TERMINADO;1EJTR-T6708-01;TANQUE 8 DE JARABE TERMINADO (6708);12.01.2026;15.01.2026;11832911;9270389;76012405;MA|FUGA SELLO MECANIC BOM TQS 8 JARTER;12.01.2026;MECE ORAS;15.01.2026;40.02;USD
ZM;SS01-M1-NI1-AJC1-JTR1;SALA DE JARABE TERMINADO;1EJTR-T6715-01;TANQUE 15 DE JARABE TERMINADO (6715);12.01.2026;12.01.2026;11832670;9269925;76002264;MA| Cambiar sello en bomba tq15 JT;12.01.2026;MECE ORAS;12.01.2026;56.10;USD
ZM;SS01-M1-NI1-AJC1-JSP1;SALA DE JARABE SIMPLE;1EJSP-SIF-01;SISTEMA DE FILTRACION;11.01.2026;13.01.2026;11832602;9269841;12000PAE;FABRICAR SUJETADOR TAPADERA DRENO FILTRO;11.01.2026;MECE ORAS;13.01.2026;1.15;USD
ZI;SS01-M1-NI1-AJC1-CIP1;CUARTO DE CIP;1ECIP-CIP1-01;SISTEMA CIP 1;10.01.2026;10.01.2026;11832154;9268800;76001947;FUGA EN TUBERIA DE CARBON ATRAS DE CIP1;10.01.2026;MECE ORAS;13.04.2026;11.20;USD
ZM;SS01-M1-NI1-AJC1-JSP1;SALA DE JARABE SIMPLE;1EJSP-SIF-01;SISTEMA DE FILTRACION;10.01.2026;10.01.2026;11832196;9268813;11136PAE;MA| CAMBIO DE SELLO BPRECAPA F2 JS;10.01.2026;MECE ORAS;10.01.2026;0.20;USD
ZM;SS01-M1-NI1-AJC1-JSP1;SALA DE JARABE SIMPLE;1EJSP-STC-01;SISTEMA TRATAMIENTO DE CARBON;10.01.2026;10.01.2026;11832342;9350437;76001947;ZM I TUBERIA DANADA;10.01.2026;MECE PTBO;12.01.2026;56.10;USD
ZM;SS01-M1-NI1-AJC1-JTR1;SALA DE JARABE TERMINADO;1EJTR-TRB-01;TRIBLENDER;10.01.2026;20.01.2026;11832349;9269307;11136PAE;REALIZAR CAMBIO DE COOPLING B LOBULAR TB;10.01.2026;MECE ORAS;20.01.2026;3.34;USD
ZM;SS01-M1-NI1-AJC1-JTR1;SALA DE JARABE TERMINADO;1EJTR-T6705-01;TANQUE 5 DE JARABE TERMINADO (6705);09.01.2026;09.01.2026;11831858;9349141;76012468;Fuga en toma muestra del tanque 5;09.01.2026;MECE ORAS;23.05.2026;0.40;USD
ZM;SS01-M1-NI1-AJC1-JTR1;SALA DE JARABE TERMINADO;1EJTR-T6710-01;TANQUE 10 DE JARABE TERMINADO (6710);08.01.2026;09.01.2026;11831662;9267912;12000PAE;CAMBIO DE SENSOR  DE TANQUE 10;08.01.2026;MECE ORAS;09.01.2026;1.00;USD
ZM;SS01-M1-NI1-AJC1-JTR1;SALA DE JARABE TERMINADO;1EJTR-T6710-01;TANQUE 10 DE JARABE TERMINADO (6710);08.01.2026;10.01.2026;11831563;9267714;76012041;AFJ| COORDINAR CAMBIO DE CONEC DE SENSOR;08.01.2026;MECE ORAS;10.01.2026;2.85;USD
ZM;SS01-M1-NI1-AJC1-JSP1;SALA DE JARABE SIMPLE;1EJSP-SIF-01;SISTEMA DE FILTRACION;07.01.2026;10.01.2026;11830889;9269299;76001947;ZM | FILTRO 1 ESTA DEJANDO PASAR CARBON;07.01.2026;MECE ORAS;10.01.2026;0.64;USD
ZM;SS01-M1-NI1-AJC1-JTR1;SALA DE JARABE TERMINADO;1EJTR-T6702-01;TANQUE 2 DE JARABE TERMINADO (6702);07.01.2026;20.01.2026;11830882;9275972;76002032;SEG|CAMBIAR ROSCA VALV DN65 TQ2 JARTER;07.01.2026;MECE ORAS;20.01.2026;0.40;USD
ZM;SS01-M1-NI1-AJC1-JTR1;SALA DE JARABE TERMINADO;1EJTR-T6712-01;TANQUE 12 DE JARABE TERMINADO (6712);06.01.2026;08.01.2026;11830622;9267478;76012470;MA| FUGA EN SELLO MECANICO DE BOMBA TQ12;06.01.2026;MECE ORAS;08.01.2026;5.71;USD
ZM;SS01-M1-NI1-AJC1-JTR1;SALA DE JARABE TERMINADO;1EJTR-T6713-01;TANQUE 13 DE JARABE TERMINADO (6713);06.01.2026;07.01.2026;11830623;9266901;76012470;MA| FUGA EN SELLO MECANICO DE BOMBA TQ13;06.01.2026;MECE ORAS;07.01.2026;2.50;USD
ZM;SS01-M1-NI1-AJC1-JTR1;SALA DE JARABE TERMINADO;1EJTR-T6713-01;TANQUE 13 DE JARABE TERMINADO (6713);05.01.2026;07.01.2026;11830139;9266901;76012470;MA| FUGA EN SELLO MECANICO DE BOMBA TQ13;05.01.2026;MECE ORAS;07.01.2026;0.00;USD
ZM;SS01-M1-NI1-AJC1-JSP1;SALA DE JARABE SIMPLE;1EJSP-SID-01;SISTEMA DE DILUCION;04.01.2026;19.01.2026;11829963;9267439;11136PAE;Cambio de empaque DN40 Entrada B3100 JS;04.01.2026;MECE ORAS;19.01.2026;28.05;USD
ZM;SS01-M1-NI1-AJC1-JSP1;SALA DE JARABE SIMPLE;1EJSP-STC-01;SISTEMA TRATAMIENTO DE CARBON;04.01.2026;12.01.2026;11829894;9267816;76001947;MA| FUGA EN TUBERIA DE CARBON JARSIM;04.01.2026;MECE ORAS;12.01.2026;136.25;USD
ZP;SS01-M1-NI1-AJC1-JSP1;SALA DE JARABE SIMPLE;1EJSP-SID-01;SISTEMA DE DILUCION;04.01.2026;09.01.2026;7500006446;9267495;11136PAE;BAJO AISLAMIENTO BOMBA B3100 HOLDING JS;04.01.2026;MECE ORAS;09.01.2026;95.00;USD
ZM;SS01-M1-NI1-AJC1-JSP1;SALA DE JARABE SIMPLE;1ESTC-HO1-MB3100;MOTOBOMBA 3100 (RECIRCULA CARBON EN H1);03.01.2026;07.01.2026;11829541;9264027;11136PAE;MA|CAMB SELLO MECANICO BOMBA HOLDIN1;03.01.2026;MECE ORAS;07.01.2026;48.86;USD
ZM;SS01-M1-NI1-AJC1-JSP1;SALA DE JARABE SIMPLE;1012076;INTERCAMBIADOR DE JARABE;02.01.2026;03.01.2026;11829291;9262675;11136PAE;MA|CAMB EMPQUES INTERCAMBIADOR JARSIM;02.01.2026;MECE ORAS;03.01.2026;7.95;USD
ZM;SS01-M1-NI1-AJC1-JSP1;SALA DE JARABE SIMPLE;1EJSP-SID-01;SISTEMA DE DILUCION;02.01.2026;03.01.2026;11829266;9262902;12324PAE;MA| FUGA EMPAQUE EN INTERCAMBIADOR;02.01.2026;MECE ORAS;03.01.2026;-7.95;USD